gs://m-lab/ndt/2017/01/01/20170101T000000Z-mlab1-akl01-ndt-0004.tgz,20170101T08:00:23.837883000Z_49.224.223.236.s2c_ndttrace,0,0,a-->b,2132,36,56,34,34,34,2123,1,4,4
gs://m-lab/ndt/2017/01/01/20170101T000000Z-mlab1-akl01-ndt-0004.tgz,20170101T08:00:23.837883000Z_49.224.223.236.s2c_ndttrace,0,0,b-->a,1715,2,2,0,0,0,0,0,1,1
gs://m-lab/ndt/2017/01/01/20170101T000000Z-mlab1-akl01-ndt-0004.tgz,2
gs://m-lab/ndt/2017/01/01/20170101T000000Z-mlab1-akl01-ndt-0004.tgz,20170101T08:02:03.260818000Z_101.184.229.6.s2c_ndttrace,0,0,a-->b,41,13,10,11,11,11,38,1,1,1
gs://m-lab/ndt/2017/01/01/20170101T000000Z-mlab1-akl01-ndt-0004.tgz,20170101T08:02:03.260818000Z_101.184.229.6.s2c_ndttrace,0,0,b-->a,28,4,3,3,3,3,3,0,1,1
gs://m-lab/ndt/2017/01/01/20170101T000000Z-mlab1-akl01-ndt-0004.tgz,20170101T08:02:03.260818000Z_101.184.229.6.s2c_ndttrace,0,1,a-->b,3,2,3,1,1,1,1,0,1,1
gs://m-lab/ndt/2017/01/01/20170101T000000Z-mlab1-akl01-ndt-0004.tgz,20170101T08:02:03.260818000Z_101.184.229.6.s2c_ndttrace,0,1,b-->a,2,2,2,1,1,1,1,0,1,1
gs://m-lab/ndt/2017/01/01/20170101T000000Z-mlab1-akl01-ndt-0004.tgz,20170101T08:02:03.260818000Z_101.184.229.6.s2c_ndttrace,0,2,a-->b,10,3,4,1,1,1,2,0,1,1
gs://m-lab/ndt/2017/01/01/20170101T000000Z-mlab1-akl01-ndt-0004.tgz,20170101T08:02:03.260818000Z_101.184.229.6.s2c_ndttrace,0,2,b-->a,6,2,2,0,0,0,0,0,1,1
gs://m-lab/ndt/2017/01/01/20170101T000000Z-mlab1-akl01-ndt-0004.tgz,20170101T08:03:10.309275000Z_27.252.71.93.s2c_ndttrace,0,0,a-->b,5017,22,38,20,20,20,5002,0,5,5
gs://m-lab/ndt/2017/01/01/20170101T000000Z-mlab1-akl01-ndt-0004.tgz,20170101T08:03:10.309275000Z_27.252.71.93.s2c_ndttrace,0,0,b-->a,2667,2,2,0,0,0,0,0,1,1
gs://m-lab/ndt/2017/01/01/20170101T000000Z-mlab1-akl01-ndt-0004.tgz,20170101T08:03:20.615055000Z_45.56.98.222.s2c_ndttrace,0,0,a-->b,63,31,29,30,30,30,60,0,5,5
gs://m-lab/ndt/2017/01/01/20170101T000000Z-mlab1-akl01-ndt-0004.tgz,20170101T08:03:20.615055000Z_45.56.98.222.s2c_ndttrace,0,0,b-->a,31,2,2,0,0,0,0,0,1,1
gs://m-lab/ndt/2017/01/01/20170101T000000Z-mlab1-akl01-ndt-0004.tgz,20170101T08:03:28.154275000Z_203.109.213.238.s2c_ndttrace,0,0,a-->b,3858,23,34,21,21,21,3858,1,5,5
gs://m-lab/ndt/2017/01/01/20170101T000000Z-mlab1-akl01-ndt-0004.tgz,20170101T08:03:28.154275000Z_203.109.213.238.s2c_ndttrace,0,0,b-->a,2073,2,2,0,0,0,1,0,1,1
gs://m-lab/ndt/2017/01/01/20170101T000000Z-mlab1-akl01-ndt-0004.tgz,2
gs://m-lab/ndt/2017/01/01/20170101T000000Z-mlab1-akl01-ndt-0004.tgz,20170101T08:03:28.154275000Z_203.109.213.238.s2c_ndttrace,0,1,a-->b,948,9,14,7,7,7,938,0,1,1
gs://m-lab/ndt/2017/01/01/20170101T000000Z-mlab1-akl01-ndt-0004.tgz,20170101T08:03:28.154275000Z_203.109.213.238.s2c_ndttrace,0,1,b-->a,515,2,2,0,0,0,0,0,1,1
gs://m-lab/ndt/2017/01/01/20170101T000000Z-mlab1-akl01-ndt-0004.tgz,2
gs://m-lab/ndt/2017/01/01/20170101T000000Z-mlab1-akl01-ndt-0004.tgz,20170101T08:04:06.515616000Z_27.252.71.93.s2c_ndttrace,0,0,a-->b,1339,11,18,9,9,9,1326,0,1,1
gs://m-lab/ndt/2017/01/01/20170101T000000Z-mlab1-akl01-ndt-0004.tgz,20170101T08:04:06.515616000Z_27.252.71.93.s2c_ndttrace,0,0,b-->a,978,2,2,0,0,0,0,0,1,1
gs://m-lab/ndt/2017/01/01/20170101T000000Z-mlab1-akl01-ndt-0004.tgz,20170101T08:04:35.159176000Z_222.153.23.117.s2c_ndttrace,0,0,a-->b,4107,54,34,52,52,52,4080,1,2,2
gs://m-lab/ndt/2017/01/01/20170101T000000Z-mlab1-akl01-ndt-0004.tgz,20170101T08:04:35.159176000Z_222.153.23.117.s2c_ndttrace,0,0,b-->a,1449,2,2,0,0,0,0,0,1,1
gs://m-lab/ndt/2017/01/01/20170101T000000Z-mlab1-akl01-ndt-0004.tgz,20170101T08:04:35.376862000Z_101.53.215.2.s2c_ndttrace,0,0,a-->b,5773,22,30,20,20,20,5732,1,7,7
gs://m-lab/ndt/2017/01/01/20170101T000000Z-mlab1-akl01-ndt-0004.tgz,20170101T08:04:35.376862000Z_101.53.215.2.s2c_ndttrace,0,0,b-->a,2948,2,2,0,0,0,0,0,1,1
gs://m-lab/ndt/2017/01/01/20170101T000000Z-mlab1-akl01-ndt-0004.tgz,20170101T08:05:23.259144000Z_47.72.161.202.s2c_ndttrace,0,0,a-->b,12979,118,116,116,116,116,12966,0,3,3
gs://m-lab/ndt/2017/01/01/20170101T000000Z-mlab1-akl01-ndt-0004.tgz,20170101T08:05:23.259144000Z_47.72.161.202.s2c_ndttrace,0,0,b-->a,5375,2,2,0,0,0,0,0,1,1
gs://m-lab/ndt/2017/01/01/20170101T000000Z-mlab1-akl01-ndt-0004.tgz,2
gs://m-lab/ndt/2017/01/01/20170101T000000Z-mlab1-akl01-ndt-0004.tgz,20170101T08:05:24.628332000Z_101.53.215.2.s2c_ndttrace,0,0,a-->b,5779,16,18,14,14,14,5758,1,1,1
gs://m-lab/ndt/2017/01/01/20170101T000000Z-mlab1-akl01-ndt-0004.tgz,20170101T08:05:24.628332000Z_101.53.215.2.s2c_ndttrace,0,0,b-->a,2956,2,2,0,0,0,0,0,1,1
gs://m-lab/ndt/2017/01/01/20170101T000000Z-mlab1-akl01-ndt-0004.tgz,20170101T08:05:40.896785000Z_163.47.223.154.s2c_ndttrace,0,0,a-->b,1140,5,6,3,3,3,1124,1,1,1
gs://m-lab/ndt/2017/01/01/20170101T000000Z-mlab1-akl01-ndt-0004.tgz,20170101T08:05:40.896785000Z_163.47.223.154.s2c_ndttrace,0,0,b-->a,457,2,2,0,0,0,0,0,1,1
gs://m-lab/ndt/2017/01/01/20170101T000000Z-mlab1-akl01-ndt-0004.tgz,20170101T08:06:03.442604000Z_47.72.161.202.s2c_ndttrace,0,0,a-->b,12210,86,118,84,84,84,12200,0,5,5
gs://m-lab/ndt/2017/01/01/20170101T000000Z-mlab1-akl01-ndt-0004.tgz,20170101T08:06:03.442604000Z_47.72.161.202.s2c_ndttrace,0,0,b-->a,5419,2,2,0,0,0,0,0,1,1
gs://m-lab/ndt/2017/01/01/20170101T000000Z-mlab1-akl01-ndt-0004.tgz,20170101T08:06:37.176834000Z_118.148.125.58.s2c_ndttrace,0,0,a-->b,17916,96,60,94,94,94,17882,1,2,2
gs://m-lab/ndt/2017/01/01/20170101T000000Z-mlab1-akl01-ndt-0004.tgz,20170101T08:06:37.176834000Z_118.148.125.58.s2c_ndttrace,0,0,b-->a,5687,2,2,0,0,0,0,0,1,1
gs://m-lab/ndt/2017/01/01/20170101T000000Z-mlab1-akl01-ndt-0004.tgz,20170101T08:07:38.33162000Z_47.72.164.213.s2c_ndttrace,0,0,a-->b,84,2,2,0,0,0,0,0,1,1
gs://m-lab/ndt/2017/01/01/20170101T000000Z-mlab1-akl01-ndt-0004.tgz,2
gs://m-lab/ndt/2017/01/01/20170101T000000Z-mlab1-akl01-ndt-0004.tgz,20170101T08:07:38.33162000Z_47.72.164.213.s2c_ndttrace,0,0,b-->a,133,16,24,14,14,14,128,1,1,1
gs://m-lab/ndt/2017/01/01/20170101T000000Z-mlab1-akl01-ndt-0004.tgz,20170101T08:07:42.496248000Z_111.69.190.231.s2c_ndttrace,0,0,a-->b,10990,53,40,51,51,51,10964,1,5,5
gs://m-lab/ndt/2017/01/01/20170101T000000Z-mlab1-akl01-ndt-0004.tgz,20170101T08:07:42.496248000Z_111.69.190.231.s2c_ndttrace,0,0,b-->a,5599,2,2,0,0,0,0,0,1,1
gs://m-lab/ndt/2017/01/01/20170101T000000Z-mlab1-akl01-ndt-0004.tgz,20170101T08:09:10.382123000Z_47.72.164.213.s2c_ndttrace,0,0,a-->b,359,2,2,0,0,0,0,0,1,1
gs://m-lab/ndt/2017/01/01/20170101T000000Z-mlab1-akl01-ndt-0004.tgz,20170101T08:09:10.382123000Z_47.72.164.213.s2c_ndttrace,0,0,b-->a,654,27,34,25,25,25,644,1,5,5
gs://m-lab/ndt/2017/01/01/20170101T000000Z-mlab1-akl01-ndt-0004.tgz,20170101T08:09:18.998928000Z_49.50.240.138.s2c_ndttrace,0,0,a-->b,55,18,22,16,16,16,51,1,5,5
gs://m-lab/ndt/2017/01/01/20170101T000000Z-mlab1-akl01-ndt-0004.tgz,20170101T08:09:18.998928000Z_49.50.240.138.s2c_ndttrace,0,0,b-->a,25,2,2,0,0,0,0,0,1,1
gs://m-lab/ndt/2017/01/01/20170101T000000Z-mlab1-akl01-ndt-0004.tgz,20170101T08:09:28.994380000Z_125.239.198.25.s2c_ndttrace,0,0,a-->b,11025,47,14,45,45,45,10741,1,2,2
gs://m-lab/ndt/2017/01/01/20170101T000000Z-mlab1-akl01-ndt-0004.tgz,20170101T08:09:28.994380000Z_125.239.198.25.s2c_ndttrace,0,0,b-->a,5224,2,2,0,0,0,0,0,1,1
gs://m-lab/ndt/2017/01/01/20170101T000000Z-mlab1-akl01-ndt-0004.tgz,20170101T08:09:38.687497000Z_122.60.114.154.s2c_ndttrace,0,0,a-->b,486,11,20,9,9,9,452,1,1,1
gs://m-lab/ndt/2017/01/01/20170101T000000Z-mlab1-akl01-ndt-0004.tgz,20170101T08:09:38.687497000Z_122.60.114.154.s2c_ndttrace,0,0,b-->a,443,2,2,0,0,0,0,0,1,1
gs://m-lab/ndt/2017/01/01/20170101T000000Z-mlab1-akl01-ndt-0004.tgz,20170101T08:10:14.225068000Z_122.60.114.154.s2c_ndttrace,0,0,a-->b,493,11,18,9,9,9,458,1,1,1
gs://m-lab/ndt/2017/01/01/20170101T000000Z-mlab1-akl01-ndt-0004.tgz,20170101T08:10:14.225068000Z_122.60.114.154.s2c_ndttrace,0,0,b-->a,449,2,2,0,0,0,0,0,1,1
gs://m-lab/ndt/2017/01/01/20170101T000000Z-mlab1-akl01-ndt-0004.tgz,20170101T08:10:32.270295000Z_222.154.243.197.s2c_ndttrace,0,0,a-->b,27529,51,35,50,50,50,27403,1,4,4
gs://m-lab/ndt/2017/01/01/20170101T000000Z-mlab1-akl01-ndt-0004.tgz,20170101T08:10:32.270295000Z_222.154.243.197.s2c_ndttrace,0,0,b-->a,5180,2,2,0,0,0,0,0,1,1
gs://m-lab/ndt/2017/01/01/20170101T000000Z-mlab1-akl01-ndt-0004.tgz,20170101T08:10:45.328940000Z_122.60.114.154.s2c_ndttrace,0,0,a-->b,488,11,20,9,9,9,454,1,1,1
gs://m-lab/ndt/2017/01/01/20170101T000000Z-mlab1-akl01-ndt-0004.tgz,20170101T08:10:45.328940000Z_122.60.114.154.s2c_ndttrace,0,0,b-->a,445,2,2,0,0,0,0,0,1,1
gs://m-lab/ndt/2017/01/01/20170101T000000Z-mlab1-akl01-ndt-0004.tgz,20170101T08:11:16.538477000Z_203.118.176.71.s2c_ndttrace,0,0,a-->b,3214,29,34,27,27,27,3199,1,3,3
gs://m-lab/ndt/2017/01/01/20170101T000000Z-mlab1-akl01-ndt-0004.tgz,20170101T08:11:16.538477000Z_203.118.176.71.s2c_ndttrace,0,0,b-->a,1565,2,2,0,0,0,0,0,1,1
gs://m-lab/ndt/2017/01/01/20170101T000000Z-mlab1-akl01-ndt-0004.tgz,20170101T08:11:51.984074000Z_49.50.240.135.s2c_ndttrace,0,0,a-->b,60,24,25,22,22,22,60,1,5,5
gs://m-lab/ndt/2017/01/01/20170101T000000Z-mlab1-akl01-ndt-0004.tgz,20170101T08:11:51.984074000Z_49.50.240.135.s2c_ndttrace,0,0,b-->a,34,2,2,0,0,0,1,0,1,1
gs://m-lab/ndt/2017/01/01/20170101T000000Z-mlab1-akl01-ndt-0004.tgz,20170101T08:11:51.984074000Z_49.50.240.135.s2c_ndttrace,0,1,a-->b,11,4,6,2,2,2,10,0,1,1
gs://m-lab/ndt/2017/01/01/20170101T000000Z-mlab1-akl01-ndt-0004.tgz,20170101T08:11:51.984074000Z_49.50.240.135.s2c_ndttrace,0,1,b-->a,8,2,2,0,0,0,0,0,1,1
gs://m-lab/ndt/2017/01/01/20170101T000000Z-mlab1-akl01-ndt-0004.tgz,20170101T08:13:20.536668000Z_45.56.98.222.s2c_ndttrace,0,0,a-->b,53,20,21,19,19,19,47,0,5,5
gs://m-lab/ndt/2017/01/01/20170101T000000Z-mlab1-akl01-ndt-0004.tgz,20170101T08:13:20.536668000Z_45.56.98.222.s2c_ndttrace,0,0,b-->a,30,2,2,0,0,0,0,0,1,1
gs://m-lab/ndt/2017/01/01/20170101T000000Z-mlab1-akl01-ndt-0004.tgz,20170101T08:13:40.177655000Z_118.92.121.58.s2c_ndttrace,0,0,a-->b,2919,24,38,22,22,22,2910,1,5,5
gs://m-lab/ndt/2017/01/01/20170101T000000Z-mlab1-akl01-ndt-0004.tgz,20170101T08:13:40.177655000Z_118.92.121.58.s2c_ndttrace,0,0,b-->a,1589,2,2,0,0,0,0,0,1,1
gs://m-lab/ndt/2017/01/01/20170101T000000Z-mlab1-akl01-ndt-0004.tgz,20170101T08:13:48.939792000Z_14.1.81.22.s2c_ndttrace,0,0,a-->b,20311,101,24,99,99,99,20276,1,3,3
gs://m-lab/ndt/2017/01/01/20170101T000000Z-mlab1-akl01-ndt-0004.tgz,20170101T08:13:48.939792000Z_14.1.81.22.s2c_ndttrace,0,0,b-->a,5952,2,2,0,0,0,0,0,1,1
gs://m-lab/ndt/2017/01/01/20170101T000000Z-mlab1-akl01-ndt-0004.tgz,20170101T08:14:13.806872000Z_121.75.178.164.s2c_ndttrace,0,0,a-->b,436,37,38,35,35,35,430,1,5,5
gs://m-lab/ndt/2017/01/01/20170101T000000Z-mlab1-akl01-ndt-0004.tgz,20170101T08:14:13.806872000Z_121.75.178.164.s2c_ndttrace,0,0,b-->a,330,2,2,0,0,0,0,0,1,1
gs://m-lab/ndt/2017/01/01/20170101T000000Z-mlab1-akl01-ndt-0004.tgz,20170101T08:15:33.168517000Z_203.86.193.200.s2c_ndttrace,0,0,a-->b,10135,78,28,76,76,76,10093,1,2,2
gs://m-lab/ndt/2017/01/01/20170101T000000Z-mlab1-akl01-ndt-0004.tgz,20170101T08:15:33.168517000Z_203.86.193.200.s2c_ndttrace,0,0,b-->a,4958,2,2,0,0,0,0,0,1,1
gs://m-lab/ndt/2017/01/01/20170101T000000Z-mlab1-akl01-ndt-0004.tgz,20170101T08:15:49.628974000Z_203.173.216.210.s2c_ndttrace,0,0,a-->b,26479,159,246,157,157,157,26473,0,4,4
gs://m-lab/ndt/2017/01/01/20170101T000000Z-mlab1-akl01-ndt-0004.tgz,20170101T08:15:49.628974000Z_203.173.216.210.s2c_ndttrace,0,0,b-->a,6801,2,2,0,0,0,0,0,1,1
gs://m-lab/ndt/2017/01/01/20170101T000000Z-mlab1-akl01-ndt-0004.tgz,20170101T08:17:15.365640000Z_121.75.178.164.s2c_ndttrace,0,0,a-->b,276,39,34,37,37,37,270,1,3,3
gs://m-lab/ndt/2017/01/01/20170101T000000Z-mlab1-akl01-ndt-0004.tgz,20170101T08:17:15.365640000Z_121.75.178.164.s2c_ndttrace,0,0,b-->a,207,2,2,0,0,0,0,0,1,1
gs://m-lab/ndt/2017/01/01/20170101T000000Z-mlab1-akl01-ndt-0004.tgz,20170101T08:18:08.393812000Z_222.155.101.58.s2c_ndttrace,0,0,a-->b,23882,130,18,128,128,128,23827,1,2,2
gs://m-lab/ndt/2017/01/01/20170101T000000Z-mlab1-akl01-ndt-0004.tgz,20170101T08:18:08.393812000Z_222.155.101.58.s2c_ndttrace,0,0,b-->a,4422,2,2,0,0,0,0,0,1,1
gs://m-lab/ndt/2017/01/01/20170101T000000Z-mlab1-akl01-ndt-0004.tgz,20170101T08:18:16.606917000Z_118.148.64.140.s2c_ndttrace,0,0,a-->b,9982,74,58,72,72,72,9950,1,3,3
gs://m-lab/ndt/2017/01/01/20170101T000000Z-mlab1-akl01-ndt-0004.tgz,20170101T08:18:16.606917000Z_118.148.64.140.s2c_ndttrace,0,0,b-->a,9879,2,2,0,0,0,0,0,1,1
gs://m-lab/ndt/2017/01/01/20170101T000000Z-mlab1-akl01-ndt-0004.tgz,20170101T08:18:41.434964000Z_118.148.64.140.s2c_ndttrace,0,0,a-->b,4062,122,48,120,120,120,4062,1,4,4
gs://m-lab/ndt/2017/01/01/20170101T000000Z-mlab1-akl01-ndt-0004.tgz,20170101T08:18:41.434964000Z_118.148.64.140.s2c_ndttrace,0,0,b-->a,3897,2,2,0,0,0,1,0,1,1
gs://m-lab/ndt/2017/01/01/20170101T000000Z-mlab1-akl01-ndt-0004.tgz,20170101T08:18:41.434964000Z_118.148.64.140.s2c_ndttrace,0,1,a-->b,6485,40,32,38,38,38,6432,1,3,3
gs://m-lab/ndt/2017/01/01/20170101T000000Z-mlab1-akl01-ndt-0004.tgz,20170101T08:18:41.434964000Z_118.148.64.140.s2c_ndttrace,0,1,b-->a,6440,2,2,0,0,0,0,0,1,1
gs://m-lab/ndt/2017/01/01/20170101T000000Z-mlab1-akl01-ndt-0004.tgz,20170101T08:18:52.294283000Z_222.155.101.58.s2c_ndttrace,0,0,a-->b,944,12,4,10,10,10,919,1,1,1
gs://m-lab/ndt/2017/01/01/20170101T000000Z-mlab1-akl01-ndt-0004.tgz,20170101T08:18:52.294283000Z_222.155.101.58.s2c_ndttrace,0,0,b-->a,267,2,2,0,0,0,0,0,1,1
gs://m-lab/ndt/2017/01/01/20170101T000000Z-mlab1-akl01-ndt-0004.tgz,20170101T08:18:54.677602000Z_122.59.198.46.s2c_ndttrace,0,0,a-->b,7921,27,22,25,25,25,7858,1,2,2
gs://m-lab/ndt/2017/01/01/20170101T000000Z-mlab1-akl01-ndt-0004.tgz,20170101T08:18:54.677602000Z_122.59.198.46.s2c_ndttrace,0,0,b-->a,1337,2,2,0,0,0,0,0,1,1
gs://m-lab/ndt/2017/01/01/20170101T000000Z-mlab1-akl01-ndt-0004.tgz,20170101T08:19:38.629976000Z_222.155.101.58.s2c_ndttrace,0,0,a-->b,1191,2,2,0,0,0,0,0,1,1
gs://m-lab/ndt/2017/01/01/20170101T000000Z-mlab1-akl01-ndt-0004.tgz,20170101T08:19:38.629976000Z_222.155.101.58.s2c_ndttrace,0,0,b-->a,5503,2,2,0,0,0,5453,0,1,1
gs://m-lab/ndt/2017/01/01/20170101T000000Z-mlab1-akl01-ndt-0004.tgz,20170101T08:19:42.229126000Z_118.93.203.147.s2c_ndttrace,0,0,a-->b,16667,83,140,81,81,81,16648,0,5,5
gs://m-lab/ndt/2017/01/01/20170101T000000Z-mlab1-akl01-ndt-0004.tgz,20170101T08:19:42.229126000Z_118.93.203.147.s2c_ndttrace,0,0,b-->a,6162,2,2,0,0,0,0,0,1,1
gs://m-lab/ndt/2017/01/01/20170101T000000Z-mlab1-akl01-ndt-0004.tgz,20170101T08:21:32.49984000Z_111.69.216.154.s2c_ndttrace,0,0,a-->b,29155,47,57,46,46,46,29113,0,5,5
gs://m-lab/ndt/2017/01/01/20170101T000000Z-mlab1-akl01-ndt-0004.tgz,20170101T08:21:32.49984000Z_111.69.216.154.s2c_ndttrace,0,0,b-->a,9749,2,2,0,0,0,0,0,1,1
gs://m-lab/ndt/2017/01/01/20170101T000000Z-mlab1-akl01-ndt-0004.tgz,20170101T08:22:01.497809000Z_125.238.28.67.s2c_ndttrace,0,0,a-->b,7834,2,2,0,0,0,7790,0,1,1
gs://m-lab/ndt/2017/01/01/20170101T000000Z-mlab1-akl01-ndt-0004.tgz,20170101T08:22:01.497809000Z_125.238.28.67.s2c_ndttrace,0,0,b-->a,3859,2,2,0,0,0,0,0,1,1
gs://m-lab/ndt/2017/01/01/20170101T000000Z-mlab1-akl01-ndt-0004.tgz,20170101T08:22:29.620124000Z_122.59.105.57.s2c_ndttrace,0,0,a-->b,6372,14,18,12,12,12,6305,1,3,3
gs://m-lab/ndt/2017/01/01/20170101T000000Z-mlab1-akl01-ndt-0004.tgz,20170101T08:22:29.620124000Z_122.59.105.57.s2c_ndttrace,0,0,b-->a,1531,2,2,0,0,0,0,0,1,1
gs://m-lab/ndt/2017/01/01/20170101T000000Z-mlab1-akl01-ndt-0004.tgz,2
gs://m-lab/ndt/2017/01/01/20170101T000000Z-mlab1-akl01-ndt-0004.tgz,20170101T08:22:57.326363000Z_182.239.185.49.s2c_ndttrace,0,0,a-->b,210,11,20,9,9,9,202,1,1,1
gs://m-lab/ndt/2017/01/01/20170101T000000Z-mlab1-akl01-ndt-0004.tgz,20170101T08:22:57.326363000Z_182.239.185.49.s2c_ndttrace,0,0,b-->a,53,2,2,0,0,0,0,0,1,1
gs://m-lab/ndt/2017/01/01/20170101T000000Z-mlab1-akl01-ndt-0004.tgz,20170101T08:23:20.378761000Z_45.56.98.222.s2c_ndttrace,0,0,a-->b,75,36,37,35,35,35,73,0,5,5
gs://m-lab/ndt/2017/01/01/20170101T000000Z-mlab1-akl01-ndt-0004.tgz,20170101T08:23:20.378761000Z_45.56.98.222.s2c_ndttrace,0,0,b-->a,39,2,2,0,0,0,0,0,1,1
gs://m-lab/ndt/2017/01/01/20170101T000000Z-mlab1-akl01-ndt-0004.tgz,20170101T08:23:29.849516000Z_122.60.250.185.s2c_ndttrace,0,0,a-->b,631,2,2,0,0,0,0,0,1,1
gs://m-lab/ndt/2017/01/01/20170101T000000Z-mlab1-akl01-ndt-0004.tgz,20170101T08:23:29.849516000Z_122.60.250.185.s2c_ndttrace,0,0,b-->a,1352,2,2,0,0,0,1262,0,1,1
gs://m-lab/ndt/2017/01/01/20170101T000000Z-mlab1-akl01-ndt-0004.tgz,20170101T08:23:29.849516000Z_122.60.250.185.s2c_ndttrace,0,1,a-->b,3,2,2,0,0,0,1,0,1,1
gs://m-lab/ndt/2017/01/01/20170101T000000Z-mlab1-akl01-ndt-0004.tgz,20170101T08:23:29.849516000Z_122.60.250.185.s2c_ndttrace,0,1,b-->a,2,2,2,0,0,0,0,0,1,1
gs://m-lab/ndt/2017/01/01/20170101T000000Z-mlab1-akl01-ndt-0004.tgz,20170101T08:23:57.784480000Z_47.72.157.234.s2c_ndttrace,0,0,a-->b,1091,2,2,0,0,0,0,0,1,1
gs://m-lab/ndt/2017/01/01/20170101T000000Z-mlab1-akl01-ndt-0004.tgz,20170101T08:23:57.784480000Z_47.72.157.234.s2c_ndttrace,0,0,b-->a,2311,36,56,34,34,34,2298,1,5,5
gs://m-lab/ndt/2017/01/01/20170101T000000Z-mlab1-akl01-ndt-0004.tgz,20170101T08:25:25.365703000Z_118.92.143.157.s2c_ndttrace,0,0,a-->b,2707,33,38,31,31,31,2697,1,5,5
gs://m-lab/ndt/2017/01/01/20170101T000000Z-mlab1-akl01-ndt-0004.tgz,20170101T08:25:25.365703000Z_118.92.143.157.s2c_ndttrace,0,0,b-->a,1470,2,2,0,0,0,0,0,1,1
gs://m-lab/ndt/2017/01/01/20170101T000000Z-mlab1-akl01-ndt-0004.tgz,20170101T08:25:44.509987000Z_118.93.27.85.s2c_ndttrace,0,0,a-->b,3099,25,42,23,23,23,3085,0,5,5
gs://m-lab/ndt/2017/01/01/20170101T000000Z-mlab1-akl01-ndt-0004.tgz,20170101T08:25:44.509987000Z_118.93.27.85.s2c_ndttrace,0,0,b-->a,1685,2,2,0,0,0,0,0,1,1
gs://m-lab/ndt/2017/01/01/20170101T000000Z-mlab1-akl01-ndt-0004.tgz,20170101T08:25:51.127433000Z_121.98.171.87.s2c_ndttrace,0,0,a-->b,10405,30,50,28,28,28,10371,1,3,3
gs://m-lab/ndt/2017/01/01/20170101T000000Z-mlab1-akl01-ndt-0004.tgz,20170101T08:25:51.127433000Z_121.98.171.87.s2c_ndttrace,0,0,b-->a,2778,2,2,0,0,0,0,0,1,1
gs://m-lab/ndt/2017/01/01/20170101T000000Z-mlab1-akl01-ndt-0004.tgz,20170101T08:26:02.963791000Z_47.72.161.202.s2c_ndttrace,0,0,a-->b,11526,116,168,114,114,114,11514,1,4,4
gs://m-lab/ndt/2017/01/01/20170101T000000Z-mlab1-akl01-ndt-0004.tgz,20170101T08:26:02.963791000Z_47.72.161.202.s2c_ndttrace,0,0,b-->a,5138,2,2,0,0,0,0,0,1,1
gs://m-lab/ndt/2017/01/01/20170101T000000Z-mlab1-akl01-ndt-0004.tgz,20170101T08:26:27.226192000Z_118.93.220.56.s2c_ndttrace,0,0,a-->b,8531,92,144,90,90,90,8520,0,3,3
gs://m-lab/ndt/2017/01/01/20170101T000000Z-mlab1-akl01-ndt-0004.tgz,20170101T08:26:27.226192000Z_118.93.220.56.s2c_ndttrace,0,0,b-->a,5964,2,2,0,0,0,0,0,1,1
gs://m-lab/ndt/2017/01/01/20170101T000000Z-mlab1-akl01-ndt-0004.tgz,20170101T08:27:10.748584000Z_115.188.123.204.s2c_ndttrace,0,0,a-->b,914,2,2,0,0,0,0,0,1,1
gs://m-lab/ndt/2017/01/01/20170101T000000Z-mlab1-akl01-ndt-0004.tgz,20170101T08:27:10.748584000Z_115.188.123.204.s2c_ndttrace,0,0,b-->a,1632,33,32,31,31,31,1618,1,3,3
gs://m-lab/ndt/2017/01/01/20170101T000000Z-mlab1-akl01-ndt-0004.tgz,20170101T08:27:21.778435000Z_222.153.23.117.s2c_ndttrace,0,0,a-->b,6866,25,32,23,23,23,6849,1,2,2
gs://m-lab/ndt/2017/01/01/20170101T000000Z-mlab1-akl01-ndt-0004.tgz,20170101T08:27:21.778435000Z_222.153.23.117.s2c_ndttrace,0,0,b-->a,3499,2,2,0,0,0,0,0,1,1
gs://m-lab/ndt/2017/01/01/20170101T000000Z-mlab1-akl01-ndt-0004.tgz,20170101T08:28:53.158622000Z_122.61.143.162.s2c_ndttrace,0,0,a-->b,8740,35,44,33,33,33,8620,1,3,3
gs://m-lab/ndt/2017/01/01/20170101T000000Z-mlab1-akl01-ndt-0004.tgz,20170101T08:28:53.158622000Z_122.61.143.162.s2c_ndttrace,0,0,b-->a,4373,2,2,0,0,0,0,0,1,1
gs://m-lab/ndt/2017/01/01/20170101T000000Z-mlab1-akl01-ndt-0004.tgz,20170101T08:29:40.308519000Z_122.57.69.34.s2c_ndttrace,0,0,a-->b,646,28,36,26,26,26,639,1,5,5
gs://m-lab/ndt/2017/01/01/20170101T000000Z-mlab1-akl01-ndt-0004.tgz,20170101T08:29:40.308519000Z_122.57.69.34.s2c_ndttrace,0,0,b-->a,385,2,2,0,0,0,0,0,1,1
gs://m-lab/ndt/2017/01/01/20170101T000000Z-mlab1-akl01-ndt-0004.tgz,20170101T08:30:54.245354000Z_122.57.82.12.s2c_ndttrace,0,0,a-->b,6011,2,2,0,0,0,5970,0,1,1
gs://m-lab/ndt/2017/01/01/20170101T000000Z-mlab1-akl01-ndt-0004.tgz,20170101T08:30:54.245354000Z_122.57.82.12.s2c_ndttrace,0,0,b-->a,895,2,2,0,0,0,0,0,1,1
gs://m-lab/ndt/2017/01/01/20170101T000000Z-mlab1-akl01-ndt-0004.tgz,20170101T08:31:30.899560000Z_122.57.69.34.s2c_ndttrace,0,0,a-->b,547,51,46,49,49,49,542,1,5,5
gs://m-lab/ndt/2017/01/01/20170101T000000Z-mlab1-akl01-ndt-0004.tgz,20170101T08:31:30.899560000Z_122.57.69.34.s2c_ndttrace,0,0,b-->a,327,2,2,0,0,0,0,0,1,1
gs://m-lab/ndt/2017/01/01/20170101T000000Z-mlab1-akl01-ndt-0004.tgz,20170101T08:32:14.154565000Z_219.89.116.226.s2c_ndttrace,0,0,a-->b,14120,4,6,2,2,2,14080,1,2,2
gs://m-lab/ndt/2017/01/01/20170101T000000Z-mlab1-akl01-ndt-0004.tgz,20170101T08:32:14.154565000Z_219.89.116.226.s2c_ndttrace,0,0,b-->a,6476,2,2,0,0,0,0,0,1,1
gs://m-lab/ndt/2017/01/01/20170101T000000Z-mlab1-akl01-ndt-0004.tgz,20170101T08:33:20.445363000Z_45.56.98.222.s2c_ndttrace,0,0,a-->b,71,37,37,36,36,36,68,0,5,5
gs://m-lab/ndt/2017/01/01/20170101T000000Z-mlab1-akl01-ndt-0004.tgz,20170101T08:33:20.445363000Z_45.56.98.222.s2c_ndttrace,0,0,b-->a,33,2,2,0,0,0,0,0,1,1
gs://m-lab/ndt/2017/01/01/20170101T000000Z-mlab1-akl01-ndt-0004.tgz,20170101T08:33:30.990611000Z_49.225.113.195.s2c_ndttrace,0,0,a-->b,548,11,16,9,9,9,541,1,3,3
gs://m-lab/ndt/2017/01/01/20170101T000000Z-mlab1-akl01-ndt-0004.tgz,20170101T08:33:30.990611000Z_49.225.113.195.s2c_ndttrace,0,0,b-->a,376,2,2,0,0,0,0,0,1,1
gs://m-lab/ndt/2017/01/01/20170101T000000Z-mlab1-akl01-ndt-0004.tgz,20170101T08:34:46.159816000Z_122.49.131.163.s2c_ndttrace,0,0,a-->b,4831,2,2,0,0,0,4791,0,1,1
gs://m-lab/ndt/2017/01/01/20170101T000000Z-mlab1-akl01-ndt-0004.tgz,20170101T08:34:46.159816000Z_122.49.131.163.s2c_ndttrace,0,0,b-->a,4784,2,2,0,0,0,0,0,1,1
gs://m-lab/ndt/2017/01/01/20170101T000000Z-mlab1-akl01-ndt-0004.tgz,2
gs://m-lab/ndt/2017/01/01/20170101T000000Z-mlab1-akl01-ndt-0004.tgz,20170101T08:35:09.304983000Z_124.248.129.175.s2c_ndttrace,0,0,a-->b,103,8,14,6,6,6,103,1,1,1
gs://m-lab/ndt/2017/01/01/20170101T000000Z-mlab1-akl01-ndt-0004.tgz,20170101T08:35:09.304983000Z_124.248.129.175.s2c_ndttrace,0,0,b-->a,62,2,2,0,0,0,1,0,1,1
gs://m-lab/ndt/2017/01/01/20170101T000000Z-mlab1-akl01-ndt-0004.tgz,20170101T08:35:09.304983000Z_124.248.129.175.s2c_ndttrace,0,1,a-->b,19,6,6,4,4,4,17,1,1,1
gs://m-lab/ndt/2017/01/01/20170101T000000Z-mlab1-akl01-ndt-0004.tgz,20170101T08:35:09.304983000Z_124.248.129.175.s2c_ndttrace,0,1,b-->a,14,2,2,0,0,0,0,0,1,1
gs://m-lab/ndt/2017/01/01/20170101T000000Z-mlab1-akl01-ndt-0004.tgz,20170101T08:35:09.949568000Z_122.56.203.232.s2c_ndttrace,0,0,a-->b,628,3,4,1,1,1,619,0,1,1
gs://m-lab/ndt/2017/01/01/20170101T000000Z-mlab1-akl01-ndt-0004.tgz,20170101T08:35:09.949568000Z_122.56.203.232.s2c_ndttrace,0,0,b-->a,371,2,2,0,0,0,0,0,1,1
gs://m-lab/ndt/2017/01/01/20170101T000000Z-mlab1-akl01-ndt-0004.tgz,20170101T08:35:23.578808000Z_103.254.135.48.s2c_ndttrace,0,0,a-->b,115058,20,12,18,18,18,115058,1,3,3
gs://m-lab/ndt/2017/01/01/20170101T000000Z-mlab1-akl01-ndt-0004.tgz,20170101T08:35:23.578808000Z_103.254.135.48.s2c_ndttrace,0,0,b-->a,7007,2,2,0,0,0,1,0,1,1
gs://m-lab/ndt/2017/01/01/20170101T000000Z-mlab1-akl01-ndt-0004.tgz,20170101T08:35:23.578808000Z_103.254.135.48.s2c_ndttrace,0,1,a-->b,18470,2,2,0,0,0,18344,0,1,1
gs://m-lab/ndt/2017/01/01/20170101T000000Z-mlab1-akl01-ndt-0004.tgz,20170101T08:35:23.578808000Z_103.254.135.48.s2c_ndttrace,0,1,b-->a,977,2,2,0,0,0,0,0,1,1
gs://m-lab/ndt/2017/01/01/20170101T000000Z-mlab1-akl01-ndt-0004.tgz,20170101T08:35:32.81991000Z_124.248.129.175.s2c_ndttrace,0,0,a-->b,47,8,8,6,6,6,46,1,1,1
gs://m-lab/ndt/2017/01/01/20170101T000000Z-mlab1-akl01-ndt-0004.tgz,20170101T08:35:32.81991000Z_124.248.129.175.s2c_ndttrace,0,0,b-->a,33,2,2,0,0,0,1,0,1,1
gs://m-lab/ndt/2017/01/01/20170101T000000Z-mlab1-akl01-ndt-0004.tgz,20170101T08:35:32.81991000Z_124.248.129.175.s2c_ndttrace,0,1,a-->b,35,3,4,1,1,1,32,1,1,1
gs://m-lab/ndt/2017/01/01/20170101T000000Z-mlab1-akl01-ndt-0004.tgz,20170101T08:35:32.81991000Z_124.248.129.175.s2c_ndttrace,0,1,b-->a,22,2,2,0,0,0,0,0,1,1
gs://m-lab/ndt/2017/01/01/20170101T000000Z-mlab1-akl01-ndt-0004.tgz,
gs://m-lab/ndt/2017/01/01/20170101T000000Z-mlab1-akl01-ndt-0004.tgz,20170101T08:36:10.525142000Z_118.93.61.78.s2c_ndttrace,0,0,a-->b,893,26,36,24,24,24,889,1,5,5
gs://m-lab/ndt/2017/01/01/20170101T000000Z-mlab1-akl01-ndt-0004.tgz,20170101T08:36:10.525142000Z_118.93.61.78.s2c_ndttrace,0,0,b-->a,459,2,2,0,0,0,0,0,1,1
gs://m-lab/ndt/2017/01/01/20170101T000000Z-mlab1-akl01-ndt-0004.tgz,20170101T08:36:24.423887000Z_122.56.199.58.s2c_ndttrace,0,0,a-->b,9215,2,2,0,0,0,8478,0,1,1
gs://m-lab/ndt/2017/01/01/20170101T000000Z-mlab1-akl01-ndt-0004.tgz,20170101T08:36:24.423887000Z_122.56.199.58.s2c_ndttrace,0,0,b-->a,1822,2,2,0,0,0,0,0,1,1
gs://m-lab/ndt/2017/01/01/20170101T000000Z-mlab1-akl01-ndt-0004.tgz,20170101T08:36:36.599337000Z_203.94.58.53.s2c_ndttrace,0,0,a-->b,9799,313,522,311,311,311,9793,0,5,5
gs://m-lab/ndt/2017/01/01/20170101T000000Z-mlab1-akl01-ndt-0004.tgz,20170101T08:36:36.599337000Z_203.94.58.53.s2c_ndttrace,0,0,b-->a,3677,2,2,0,0,0,0,0,1,1
gs://m-lab/ndt/2017/01/01/20170101T000000Z-mlab1-akl01-ndt-0004.tgz,20170101T08:36:50.741376000Z_124.248.129.175.s2c_ndttrace,0,0,a-->b,121,2,2,0,0,0,0,0,1,1
gs://m-lab/ndt/2017/01/01/20170101T000000Z-mlab1-akl01-ndt-0004.tgz,2
gs://m-lab/ndt/2017/01/01/20170101T000000Z-mlab1-akl01-ndt-0004.tgz,20170101T08:36:50.741376000Z_124.248.129.175.s2c_ndttrace,0,0,b-->a,146,9,14,7,7,7,143,0,1,1
gs://m-lab/ndt/2017/01/01/20170101T000000Z-mlab1-akl01-ndt-0004.tgz,20170101T08:36:56.942567000Z_150.107.175.141.s2c_ndttrace,0,0,a-->b,4051,33,20,31,31,31,3999,1,7,7
gs://m-lab/ndt/2017/01/01/20170101T000000Z-mlab1-akl01-ndt-0004.tgz,20170101T08:36:56.942567000Z_150.107.175.141.s2c_ndttrace,0,0,b-->a,1791,2,2,0,0,0,0,0,1,1
gs://m-lab/ndt/2017/01/01/20170101T000000Z-mlab1-akl01-ndt-0004.tgz,20170101T08:37:13.996234000Z_125.237.70.219.s2c_ndttrace,0,0,a-->b,2155,41,28,39,39,39,2132,1,5,5
gs://m-lab/ndt/2017/01/01/20170101T000000Z-mlab1-akl01-ndt-0004.tgz,20170101T08:37:13.996234000Z_125.237.70.219.s2c_ndttrace,0,0,b-->a,1104,2,2,0,0,0,0,0,1,1
gs://m-lab/ndt/2017/01/01/20170101T000000Z-mlab1-akl01-ndt-0004.tgz,20170101T08:37:33.732037000Z_118.93.42.203.s2c_ndttrace,0,0,a-->b,4617,42,70,40,40,40,4617,0,5,5
gs://m-lab/ndt/2017/01/01/20170101T000000Z-mlab1-akl01-ndt-0004.tgz,20170101T08:37:33.732037000Z_118.93.42.203.s2c_ndttrace,0,0,b-->a,1604,2,2,0,0,0,1,0,1,1
gs://m-lab/ndt/2017/01/01/20170101T000000Z-mlab1-akl01-ndt-0004.tgz,20170101T08:37:33.732037000Z_118.93.42.203.s2c_ndttrace,0,1,a-->b,1159,21,38,19,19,19,1151,0,5,5
gs://m-lab/ndt/2017/01/01/20170101T000000Z-mlab1-akl01-ndt-0004.tgz,20170101T08:37:33.732037000Z_118.93.42.203.s2c_ndttrace,0,1,b-->a,457,2,2,0,0,0,0,0,1,1
gs://m-lab/ndt/2017/01/01/20170101T000000Z-mlab1-akl01-ndt-0004.tgz,20170101T08:38:21.799927000Z_118.93.61.78.s2c_ndttrace,0,0,a-->b,3803,37,60,35,35,35,3795,0,3,3
gs://m-lab/ndt/2017/01/01/20170101T000000Z-mlab1-akl01-ndt-0004.tgz,20170101T08:38:21.799927000Z_118.93.61.78.s2c_ndttrace,0,0,b-->a,2052,2,2,0,0,0,0,0,1,1
gs://m-lab/ndt/2017/01/01/20170101T000000Z-mlab1-akl01-ndt-0004.tgz,20170101T08:38:30.39363000Z_203.94.58.53.s2c_ndttrace,0,0,a-->b,11097,317,534,315,315,315,11093,0,5,5
gs://m-lab/ndt/2017/01/01/20170101T000000Z-mlab1-akl01-ndt-0004.tgz,20170101T08:38:30.39363000Z_203.94.58.53.s2c_ndttrace,0,0,b-->a,4013,2,2,0,0,0,0,0,1,1
gs://m-lab/ndt/2017/01/01/20170101T000000Z-mlab1-akl01-ndt-0004.tgz,20170101T08:39:04.933962000Z_125.237.70.219.s2c_ndttrace,0,0,a-->b,1620,17,13,16,16,16,1605,1,5,5
gs://m-lab/ndt/2017/01/01/20170101T000000Z-mlab1-akl01-ndt-0004.tgz,20170101T08:39:04.933962000Z_125.237.70.219.s2c_ndttrace,0,0,b-->a,973,2,2,0,0,0,0,0,1,1
gs://m-lab/ndt/2017/01/01/20170101T000000Z-mlab1-akl01-ndt-0004.tgz,20170101T08:40:29.130701000Z_122.62.191.82.s2c_ndttrace,0,0,a-->b,9916,4,4,2,2,2,9710,1,2,2
gs://m-lab/ndt/2017/01/01/20170101T000000Z-mlab1-akl01-ndt-0004.tgz,20170101T08:40:29.130701000Z_122.62.191.82.s2c_ndttrace,0,0,b-->a,2547,2,2,0,0,0,0,0,1,1
gs://m-lab/ndt/2017/01/01/20170101T000000Z-mlab1-akl01-ndt-0004.tgz,20170101T08:41:11.362759000Z_118.90.0.199.s2c_ndttrace,0,0,a-->b,9789,49,28,47,47,47,9487,1,2,2
gs://m-lab/ndt/2017/01/01/20170101T000000Z-mlab1-akl01-ndt-0004.tgz,20170101T08:41:11.362759000Z_118.90.0.199.s2c_ndttrace,0,0,b-->a,2797,2,2,0,0,0,0,0,1,1
gs://m-lab/ndt/2017/01/01/20170101T000000Z-mlab1-akl01-ndt-0004.tgz,20170101T08:41:32.393751000Z_118.93.179.0.s2c_ndttrace,0,0,a-->b,4068,38,70,36,36,36,4061,1,3,3
gs://m-lab/ndt/2017/01/01/20170101T000000Z-mlab1-akl01-ndt-0004.tgz,20170101T08:41:32.393751000Z_118.93.179.0.s2c_ndttrace,0,0,b-->a,3023,2,2,0,0,0,0,0,1,1
gs://m-lab/ndt/2017/01/01/20170101T000000Z-mlab1-akl01-ndt-0004.tgz,20170101T08:41:55.963356000Z_101.100.146.155.s2c_ndttrace,0,0,a-->b,474,4,6,2,2,2,464,0,1,1
gs://m-lab/ndt/2017/01/01/20170101T000000Z-mlab1-akl01-ndt-0004.tgz,20170101T08:41:55.963356000Z_101.100.146.155.s2c_ndttrace,0,0,b-->a,253,2,2,0,0,0,0,0,1,1
gs://m-lab/ndt/2017/01/01/20170101T000000Z-mlab1-akl01-ndt-0004.tgz,20170101T08:42:01.753055000Z_46.166.186.243.s2c_ndttrace,0,0,a-->b,936,2,2,0,0,0,653,0,1,1
gs://m-lab/ndt/2017/01/01/20170101T000000Z-mlab1-akl01-ndt-0004.tgz,20170101T08:42:01.753055000Z_46.166.186.243.s2c_ndttrace,0,0,b-->a,299,2,2,0,0,0,0,0,1,1
gs://m-lab/ndt/2017/01/01/20170101T000000Z-mlab1-akl01-ndt-0004.tgz,20170101T08:42:46.60905000Z_101.98.224.66.s2c_ndttrace,0,0,a-->b,24816,30,18,28,28,28,24770,1,2,2
gs://m-lab/ndt/2017/01/01/20170101T000000Z-mlab1-akl01-ndt-0004.tgz,20170101T08:42:46.60905000Z_101.98.224.66.s2c_ndttrace,0,0,b-->a,5414,2,2,0,0,0,0,0,1,1
gs://m-lab/ndt/2017/01/01/20170101T000000Z-mlab1-akl01-ndt-0004.tgz,20170101T08:43:02.263713000Z_118.93.61.78.s2c_ndttrace,0,0,a-->b,3676,33,60,31,31,31,3672,1,3,3
gs://m-lab/ndt/2017/01/01/20170101T000000Z-mlab1-akl01-ndt-0004.tgz,20170101T08:43:02.263713000Z_118.93.61.78.s2c_ndttrace,0,0,b-->a,1985,2,2,0,0,0,0,0,1,1
gs://m-lab/ndt/2017/01/01/20170101T000000Z-mlab1-akl01-ndt-0004.tgz,20170101T08:43:19.132889000Z_101.98.224.66.s2c_ndttrace,0,0,a-->b,22808,2,2,0,0,0,22731,0,1,1
gs://m-lab/ndt/2017/01/01/20170101T000000Z-mlab1-akl01-ndt-0004.tgz,20170101T08:43:19.132889000Z_101.98.224.66.s2c_ndttrace,0,0,b-->a,3918,2,2,0,0,0,0,0,1,1
gs://m-lab/ndt/2017/01/01/20170101T000000Z-mlab1-akl01-ndt-0004.tgz,20170101T08:43:20.419939000Z_45.56.98.222.s2c_ndttrace,0,0,a-->b,35,18,19,17,17,17,31,0,4,4
gs://m-lab/ndt/2017/01/01/20170101T000000Z-mlab1-akl01-ndt-0004.tgz,20170101T08:43:20.419939000Z_45.56.98.222.s2c_ndttrace,0,0,b-->a,16,2,2,0,0,0,0,0,1,1
gs://m-lab/ndt/2017/01/01/20170101T000000Z-mlab1-akl01-ndt-0004.tgz,20170101T08:44:56.110330000Z_101.100.132.187.s2c_ndttrace,0,0,a-->b,105187,11,6,9,9,9,104874,1,2,2
gs://m-lab/ndt/2017/01/01/20170101T000000Z-mlab1-akl01-ndt-0004.tgz,20170101T08:44:56.110330000Z_101.100.132.187.s2c_ndttrace,0,0,b-->a,14127,2,2,0,0,0,1,0,1,1
gs://m-lab/ndt/2017/01/01/20170101T000000Z-mlab1-akl01-ndt-0004.tgz,20170101T08:44:56.110330000Z_101.100.132.187.s2c_ndttrace,0,1,a-->b,28,2,2,0,0,0,0,0,1,1
gs://m-lab/ndt/2017/01/01/20170101T000000Z-mlab1-akl01-ndt-0004.tgz,20170101T08:44:56.110330000Z_101.100.132.187.s2c_ndttrace,0,1,b-->a,2,2,2,0,0,0,0,0,1,1
gs://m-lab/ndt/2017/01/01/20170101T000000Z-mlab1-akl01-ndt-0004.tgz,20170101T08:45:09.102005000Z_220.245.43.231.s2c_ndttrace,0,0,a-->b,205,2,2,0,0,0,0,0,1,1
gs://m-lab/ndt/2017/01/01/20170101T000000Z-mlab1-akl01-ndt-0004.tgz,20170101T08:45:09.102005000Z_220.245.43.231.s2c_ndttrace,0,0,b-->a,337,3,4,1,1,1,314,0,1,1
gs://m-lab/ndt/2017/01/01/20170101T000000Z-mlab1-akl01-ndt-0004.tgz,20170101T08:47:06.48732000Z_49.225.113.195.s2c_ndttrace,0,0,a-->b,2386,17,30,15,15,15,2379,1,4,4
gs://m-lab/ndt/2017/01/01/20170101T000000Z-mlab1-akl01-ndt-0004.tgz,20170101T08:47:06.48732000Z_49.225.113.195.s2c_ndttrace,0,0,b-->a,1641,2,2,0,0,0,0,0,1,1
gs://m-lab/ndt/2017/01/01/20170101T000000Z-mlab1-akl01-ndt-0004.tgz,20170101T08:48:29.628046000Z_101.98.143.48.s2c_ndttrace,0,0,a-->b,7422,7,10,5,5,5,7382,1,2,2
gs://m-lab/ndt/2017/01/01/20170101T000000Z-mlab1-akl01-ndt-0004.tgz,20170101T08:48:29.628046000Z_101.98.143.48.s2c_ndttrace,0,0,b-->a,3854,2,2,0,0,0,0,0,1,1
gs://m-lab/ndt/2017/01/01/20170101T000000Z-mlab1-akl01-ndt-0004.tgz,20170101T08:48:38.706773000Z_118.93.61.78.s2c_ndttrace,0,0,a-->b,1835,27,36,25,25,25,1828,1,3,3
gs://m-lab/ndt/2017/01/01/20170101T000000Z-mlab1-akl01-ndt-0004.tgz,20170101T08:48:38.706773000Z_118.93.61.78.s2c_ndttrace,0,0,b-->a,963,2,2,0,0,0,0,0,1,1
gs://m-lab/ndt/2017/01/01/20170101T000000Z-mlab1-akl01-ndt-0004.tgz,20170101T08:48:58.332859000Z_47.72.126.193.s2c_ndttrace,0,0,a-->b,424,56,46,54,54,54,420,1,5,5
gs://m-lab/ndt/2017/01/01/20170101T000000Z-mlab1-akl01-ndt-0004.tgz,20170101T08:48:58.332859000Z_47.72.126.193.s2c_ndttrace,0,0,b-->a,324,2,2,0,0,0,0,0,1,1
gs://m-lab/ndt/2017/01/01/20170101T000000Z-mlab1-akl01-ndt-0004.tgz,2
gs://m-lab/ndt/2017/01/01/20170101T000000Z-mlab1-akl01-ndt-0004.tgz,20170101T08:49:20.39346000Z_47.72.126.193.s2c_ndttrace,0,0,a-->b,729,14,20,12,12,12,727,1,1,1
gs://m-lab/ndt/2017/01/01/20170101T000000Z-mlab1-akl01-ndt-0004.tgz,20170101T08:49:20.39346000Z_47.72.126.193.s2c_ndttrace,0,0,b-->a,513,2,2,0,0,0,0,0,1,1
gs://m-lab/ndt/2017/01/01/20170101T000000Z-mlab1-akl01-ndt-0004.tgz,2
gs://m-lab/ndt/2017/01/01/20170101T000000Z-mlab1-akl01-ndt-0004.tgz,20170101T08:49:33.67250000Z_122.60.0.203.s2c_ndttrace,0,0,a-->b,715,5,8,3,3,3,700,1,1,1
gs://m-lab/ndt/2017/01/01/20170101T000000Z-mlab1-akl01-ndt-0004.tgz,20170101T08:49:33.67250000Z_122.60.0.203.s2c_ndttrace,0,0,b-->a,258,2,2,0,0,0,0,0,1,1
gs://m-lab/ndt/2017/01/01/20170101T000000Z-mlab1-akl01-ndt-0004.tgz,2
gs://m-lab/ndt/2017/01/01/20170101T000000Z-mlab1-akl01-ndt-0004.tgz,20170101T08:49:40.332788000Z_101.98.143.48.s2c_ndttrace,0,0,a-->b,7333,10,18,8,8,8,7294,1,1,1
gs://m-lab/ndt/2017/01/01/20170101T000000Z-mlab1-akl01-ndt-0004.tgz,20170101T08:49:40.332788000Z_101.98.143.48.s2c_ndttrace,0,0,b-->a,3823,2,2,0,0,0,0,0,1,1
gs://m-lab/ndt/2017/01/01/20170101T000000Z-mlab1-akl01-ndt-0004.tgz,20170101T08:49:53.648440000Z_47.72.126.193.s2c_ndttrace,0,0,a-->b,395,20,20,18,18,18,392,1,5,5
gs://m-lab/ndt/2017/01/01/20170101T000000Z-mlab1-akl01-ndt-0004.tgz,20170101T08:49:53.648440000Z_47.72.126.193.s2c_ndttrace,0,0,b-->a,313,2,2,0,0,0,0,0,1,1
gs://m-lab/ndt/2017/01/01/20170101T000000Z-mlab1-akl01-ndt-0004.tgz,20170101T08:49:57.892948000Z_103.9.40.224.s2c_ndttrace,0,0,a-->b,603,2,2,0,0,0,0,0,1,1
gs://m-lab/ndt/2017/01/01/20170101T000000Z-mlab1-akl01-ndt-0004.tgz,20170101T08:49:57.892948000Z_103.9.40.224.s2c_ndttrace,0,0,b-->a,978,36,24,34,34,34,963,1,4,4
gs://m-lab/ndt/2017/01/01/20170101T000000Z-mlab1-akl01-ndt-0004.tgz,2
gs://m-lab/ndt/2017/01/01/20170101T000000Z-mlab1-akl01-ndt-0004.tgz,20170101T08:49:58.881800000Z_125.236.165.16.s2c_ndttrace,0,0,a-->b,1705,10,14,8,8,8,1700,1,1,1
gs://m-lab/ndt/2017/01/01/20170101T000000Z-mlab1-akl01-ndt-0004.tgz,20170101T08:49:58.881800000Z_125.236.165.16.s2c_ndttrace,0,0,b-->a,524,2,2,0,0,0,0,0,1,1
gs://m-lab/ndt/2017/01/01/20170101T000000Z-mlab1-akl01-ndt-0004.tgz,20170101T08:50:10.86780000Z_115.189.92.110.s2c_ndttrace,0,0,a-->b,8272,7,6,5,5,5,8230,0,3,3
gs://m-lab/ndt/2017/01/01/20170101T000000Z-mlab1-akl01-ndt-0004.tgz,20170101T08:50:10.86780000Z_115.189.92.110.s2c_ndttrace,0,0,b-->a,1777,2,2,0,0,0,0,0,1,1
gs://m-lab/ndt/2017/01/01/20170101T000000Z-mlab1-akl01-ndt-0004.tgz,20170101T08:52:18.383500000Z_121.222.45.192.s2c_ndttrace,0,0,a-->b,1987,61,42,59,59,59,1896,1,3,3
gs://m-lab/ndt/2017/01/01/20170101T000000Z-mlab1-akl01-ndt-0004.tgz,20170101T08:52:18.383500000Z_121.222.45.192.s2c_ndttrace,0,0,b-->a,1104,2,2,0,0,0,0,0,1,1
gs://m-lab/ndt/2017/01/01/20170101T000000Z-mlab1-akl01-ndt-0004.tgz,20170101T08:52:57.218094000Z_116.251.132.180.s2c_ndttrace,0,0,a-->b,6295,44,32,42,42,42,6267,1,7,7
gs://m-lab/ndt/2017/01/01/20170101T000000Z-mlab1-akl01-ndt-0004.tgz,20170101T08:52:57.218094000Z_116.251.132.180.s2c_ndttrace,0,0,b-->a,1900,2,2,0,0,0,0,0,1,1
gs://m-lab/ndt/2017/01/01/20170101T000000Z-mlab1-akl01-ndt-0004.tgz,20170101T08:53:20.473322000Z_45.56.98.222.s2c_ndttrace,0,0,a-->b,58,30,31,29,29,29,53,0,5,5
gs://m-lab/ndt/2017/01/01/20170101T000000Z-mlab1-akl01-ndt-0004.tgz,20170101T08:53:20.473322000Z_45.56.98.222.s2c_ndttrace,0,0,b-->a,26,2,2,0,0,0,0,0,1,1
gs://m-lab/ndt/2017/01/01/20170101T000000Z-mlab1-akl01-ndt-0004.tgz,2
gs://m-lab/ndt/2017/01/01/20170101T000000Z-mlab1-akl01-ndt-0004.tgz,20170101T08:53:42.152973000Z_101.184.229.6.s2c_ndttrace,0,0,a-->b,17,9,6,8,8,8,16,0,1,1
gs://m-lab/ndt/2017/01/01/20170101T000000Z-mlab1-akl01-ndt-0004.tgz,20170101T08:53:42.152973000Z_101.184.229.6.s2c_ndttrace,0,0,b-->a,10,2,2,0,0,0,1,0,1,1
gs://m-lab/ndt/2017/01/01/20170101T000000Z-mlab1-akl01-ndt-0004.tgz,20170101T08:53:42.152973000Z_101.184.229.6.s2c_ndttrace,0,1,a-->b,5,2,2,0,0,0,2,0,1,1
gs://m-lab/ndt/2017/01/01/20170101T000000Z-mlab1-akl01-ndt-0004.tgz,20170101T08:53:42.152973000Z_101.184.229.6.s2c_ndttrace,0,1,b-->a,2,2,2,0,0,0,0,0,1,1
gs://m-lab/ndt/2017/01/01/20170101T000000Z-mlab1-akl01-ndt-0004.tgz,2
gs://m-lab/ndt/2017/01/01/20170101T000000Z-mlab1-akl01-ndt-0004.tgz,20170101T08:54:09.706062000Z_118.92.23.145.s2c_ndttrace,0,0,a-->b,953,8,14,6,6,6,953,1,1,1
gs://m-lab/ndt/2017/01/01/20170101T000000Z-mlab1-akl01-ndt-0004.tgz,20170101T08:54:09.706062000Z_118.92.23.145.s2c_ndttrace,0,0,b-->a,526,2,2,0,0,0,1,0,1,1
gs://m-lab/ndt/2017/01/01/20170101T000000Z-mlab1-akl01-ndt-0004.tgz,20170101T08:54:09.706062000Z_118.92.23.145.s2c_ndttrace,0,1,a-->b,2236,12,20,10,10,10,2216,1,3,3
gs://m-lab/ndt/2017/01/01/20170101T000000Z-mlab1-akl01-ndt-0004.tgz,20170101T08:54:09.706062000Z_118.92.23.145.s2c_ndttrace,0,1,b-->a,1133,2,2,0,0,0,0,0,1,1
gs://m-lab/ndt/2017/01/01/20170101T000000Z-mlab1-akl01-ndt-0004.tgz,20170101T08:54:36.768630000Z_163.47.223.154.s2c_ndttrace,0,0,a-->b,7846,16,16,14,14,14,7811,1,3,3
gs://m-lab/ndt/2017/01/01/20170101T000000Z-mlab1-akl01-ndt-0004.tgz,20170101T08:54:36.768630000Z_163.47.223.154.s2c_ndttrace,0,0,b-->a,2329,2,2,0,0,0,1,0,1,1
gs://m-lab/ndt/2017/01/01/20170101T000000Z-mlab1-akl01-ndt-0004.tgz,20170101T08:55:01.522944000Z_122.60.182.28.s2c_ndttrace,0,0,a-->b,976,2,2,0,0,0,887,0,1,1
gs://m-lab/ndt/2017/01/01/20170101T000000Z-mlab1-akl01-ndt-0004.tgz,20170101T08:55:01.522944000Z_122.60.182.28.s2c_ndttrace,0,0,b-->a,510,2,2,0,0,0,0,0,1,1
gs://m-lab/ndt/2017/01/01/20170101T000000Z-mlab1-akl01-ndt-0004.tgz,2
gs://m-lab/ndt/2017/01/01/20170101T000000Z-mlab1-akl01-ndt-0004.tgz,20170101T08:55:56.567778000Z_121.90.253.92.s2c_ndttrace,0,0,a-->b,612,13,22,11,11,11,612,1,1,1
gs://m-lab/ndt/2017/01/01/20170101T000000Z-mlab1-akl01-ndt-0004.tgz,20170101T08:55:56.567778000Z_121.90.253.92.s2c_ndttrace,0,0,b-->a,419,2,2,0,0,0,1,0,1,1
gs://m-lab/ndt/2017/01/01/20170101T000000Z-mlab1-akl01-ndt-0004.tgz,2
gs://m-lab/ndt/2017/01/01/20170101T000000Z-mlab1-akl01-ndt-0004.tgz,20170101T08:55:56.567778000Z_121.90.253.92.s2c_ndttrace,0,1,a-->b,374,9,14,7,7,7,367,1,1,1
gs://m-lab/ndt/2017/01/01/20170101T000000Z-mlab1-akl01-ndt-0004.tgz,20170101T08:55:56.567778000Z_121.90.253.92.s2c_ndttrace,0,1,b-->a,211,2,2,0,0,0,0,0,1,1
gs://m-lab/ndt/2017/01/01/20170101T000000Z-mlab1-akl01-ndt-0004.tgz,20170101T08:56:05.949292000Z_121.90.253.92.s2c_ndttrace,0,0,a-->b,2831,96,46,94,94,94,2814,1,5,5
gs://m-lab/ndt/2017/01/01/20170101T000000Z-mlab1-akl01-ndt-0004.tgz,20170101T08:56:05.949292000Z_121.90.253.92.s2c_ndttrace,0,0,b-->a,1953,2,2,0,0,0,0,0,1,1
gs://m-lab/ndt/2017/01/01/20170101T000000Z-mlab1-akl01-ndt-0004.tgz,
gs://m-lab/ndt/2017/01/01/20170101T000000Z-mlab1-akl01-ndt-0004.tgz,20170101T08:57:13.514198000Z_118.92.149.165.s2c_ndttrace,0,0,a-->b,18505,119,194,117,117,117,18493,0,5,5
gs://m-lab/ndt/2017/01/01/20170101T000000Z-mlab1-akl01-ndt-0004.tgz,20170101T08:57:13.514198000Z_118.92.149.165.s2c_ndttrace,0,0,b-->a,10895,2,2,0,0,0,0,0,1,1
gs://m-lab/ndt/2017/01/01/20170101T000000Z-mlab1-akl01-ndt-0004.tgz,20170101T08:57:17.396891000Z_138.68.40.225.s2c_ndttrace,0,0,a-->b,92,19,6,17,17,17,85,1,1,1
gs://m-lab/ndt/2017/01/01/20170101T000000Z-mlab1-akl01-ndt-0004.tgz,20170101T08:57:17.396891000Z_138.68.40.225.s2c_ndttrace,0,0,b-->a,58,2,2,0,0,0,0,0,1,1
gs://m-lab/ndt/2017/01/01/20170101T000000Z-mlab1-akl01-ndt-0004.tgz,20170101T08:57:36.888634000Z_163.47.106.1.s2c_ndttrace,0,0,a-->b,1983,2,2,0,0,0,0,0,1,1
gs://m-lab/ndt/2017/01/01/20170101T000000Z-mlab1-akl01-ndt-0004.tgz,20170101T08:57:36.888634000Z_163.47.106.1.s2c_ndttrace,0,0,b-->a,3111,140,136,138,138,138,3058,1,3,3
gs://m-lab/ndt/2017/01/01/20170101T000000Z-mlab1-akl01-ndt-0004.tgz,20170101T08:57:49.522428000Z_118.92.149.165.s2c_ndttrace,0,0,a-->b,16325,95,162,93,93,93,16306,1,4,4
gs://m-lab/ndt/2017/01/01/20170101T000000Z-mlab1-akl01-ndt-0004.tgz,20170101T08:57:49.522428000Z_118.92.149.165.s2c_ndttrace,0,0,b-->a,9890,2,2,0,0,0,0,0,1,1
gs://m-lab/ndt/2017/01/01/20170101T000000Z-mlab1-akl01-ndt-0004.tgz,20170101T08:58:05.302184000Z_118.92.149.165.s2c_ndttrace,0,0,a-->b,16142,93,154,91,91,91,16118,1,5,5
gs://m-lab/ndt/2017/01/01/20170101T000000Z-mlab1-akl01-ndt-0004.tgz,20170101T08:58:05.302184000Z_118.92.149.165.s2c_ndttrace,0,0,b-->a,9304,2,2,0,0,0,0,0,1,1
gs://m-lab/ndt/2017/01/01/20170101T000000Z-mlab1-akl01-ndt-0004.tgz,20170101T08:58:14.659251000Z_150.107.175.154.s2c_ndttrace,0,0,a-->b,61016,4,4,2,2,2,61016,0,1,1
gs://m-lab/ndt/2017/01/01/20170101T000000Z-mlab1-akl01-ndt-0004.tgz,20170101T08:58:14.659251000Z_150.107.175.154.s2c_ndttrace,0,0,b-->a,13370,2,2,0,0,0,1,0,1,1
gs://m-lab/ndt/2017/01/01/20170101T000000Z-mlab1-akl01-ndt-0004.tgz,20170101T08:58:14.659251000Z_150.107.175.154.s2c_ndttrace,0,1,a-->b,17909,2,2,0,0,0,17151,0,1,1
gs://m-lab/ndt/2017/01/01/20170101T000000Z-mlab1-akl01-ndt-0004.tgz,20170101T08:58:14.659251000Z_150.107.175.154.s2c_ndttrace,0,1,b-->a,4010,2,2,0,0,0,0,0,1,1
gs://m-lab/ndt/2017/01/01/20170101T000000Z-mlab1-akl01-ndt-0004.tgz,2
gs://m-lab/ndt/2017/01/01/20170101T000000Z-mlab1-akl01-ndt-0004.tgz,20170101T08:58:57.725950000Z_115.188.168.28.s2c_ndttrace,0,0,a-->b,46,13,16,11,11,11,43,1,1,1
gs://m-lab/ndt/2017/01/01/20170101T000000Z-mlab1-akl01-ndt-0004.tgz,20170101T08:58:57.725950000Z_115.188.168.28.s2c_ndttrace,0,0,b-->a,26,2,2,0,0,0,0,0,1,1
gs://m-lab/ndt/2017/01/01/20170101T000000Z-mlab1-akl01-ndt-0004.tgz,20170101T08:59:19.614135000Z_118.92.149.165.s2c_ndttrace,0,0,a-->b,15907,143,212,141,141,141,15895,0,5,5
gs://m-lab/ndt/2017/01/01/20170101T000000Z-mlab1-akl01-ndt-0004.tgz,20170101T08:59:19.614135000Z_118.92.149.165.s2c_ndttrace,0,0,b-->a,9773,2,2,0,0,0,0,0,1,1
gs://m-lab/ndt/2017/01/01/20170101T000000Z-mlab1-akl01-ndt-0004.tgz,20170101T08:59:27.600141000Z_163.47.106.1.s2c_ndttrace,0,0,a-->b,3334,66,76,64,64,64,3320,0,3,3
gs://m-lab/ndt/2017/01/01/20170101T000000Z-mlab1-akl01-ndt-0004.tgz,20170101T08:59:27.600141000Z_163.47.106.1.s2c_ndttrace,0,0,b-->a,2039,2,2,0,0,0,0,0,1,1
gs://m-lab/ndt/2017/01/01/20170101T000000Z-mlab1-akl01-ndt-0004.tgz,
gs://m-lab/ndt/2017/01/01/20170101T000000Z-mlab1-akl01-ndt-0004.tgz,2
gs://m-lab/ndt/2017/01/01/20170101T000000Z-mlab1-akl01-ndt-0004.tgz,20170101T08:59:59.957586000Z_125.238.88.155.s2c_ndttrace,0,0,a-->b,10618,10,18,8,8,8,10595,1,1,1
gs://m-lab/ndt/2017/01/01/20170101T000000Z-mlab1-akl01-ndt-0004.tgz,20170101T08:59:59.957586000Z_125.238.88.155.s2c_ndttrace,0,0,b-->a,5518,2,2,0,0,0,0,0,1,1
gs://m-lab/ndt/2017/01/01/20170101T000000Z-mlab1-akl01-ndt-0004.tgz,2
gs://m-lab/ndt/2017/01/01/20170101T000000Z-mlab1-akl01-ndt-0004.tgz,20170101T09:00:48.354009000Z_138.68.40.225.s2c_ndttrace,0,0,a-->b,115,15,10,13,13,13,109,1,1,1
gs://m-lab/ndt/2017/01/01/20170101T000000Z-mlab1-akl01-ndt-0004.tgz,20170101T09:00:48.354009000Z_138.68.40.225.s2c_ndttrace,0,0,b-->a,85,2,2,0,0,0,0,0,1,1
gs://m-lab/ndt/2017/01/01/20170101T000000Z-mlab1-akl01-ndt-0004.tgz,20170101T09:01:28.764876000Z_222.153.156.86.s2c_ndttrace,0,0,a-->b,175628,2,2,0,0,0,175375,0,1,1
gs://m-lab/ndt/2017/01/01/20170101T000000Z-mlab1-akl01-ndt-0004.tgz,20170101T09:01:28.764876000Z_222.153.156.86.s2c_ndttrace,0,0,b-->a,31709,2,2,0,0,0,0,0,1,1
gs://m-lab/ndt/2017/01/01/20170101T000000Z-mlab1-akl01-ndt-0004.tgz,20170101T09:01:32.502170000Z_27.252.66.209.s2c_ndttrace,0,0,a-->b,76,2,2,0,0,0,0,0,1,1
gs://m-lab/ndt/2017/01/01/20170101T000000Z-mlab1-akl01-ndt-0004.tgz,20170101T09:01:32.502170000Z_27.252.66.209.s2c_ndttrace,0,0,b-->a,95,5,8,3,3,3,88,1,1,1
gs://m-lab/ndt/2017/01/01/20170101T000000Z-mlab1-akl01-ndt-0004.tgz,20170101T09:01:52.262826000Z_114.134.7.101.s2c_ndttrace,0,0,a-->b,77013,273,160,271,271,271,76986,1,2,2
gs://m-lab/ndt/2017/01/01/20170101T000000Z-mlab1-akl01-ndt-0004.tgz,20170101T09:01:52.262826000Z_114.134.7.101.s2c_ndttrace,0,0,b-->a,13437,2,2,0,0,0,0,0,1,1
gs://m-lab/ndt/2017/01/01/20170101T000000Z-mlab1-akl01-ndt-0004.tgz,20170101T09:02:00.794183000Z_118.93.189.237.s2c_ndttrace,0,0,a-->b,4964,47,68,45,45,45,4949,1,5,5
gs://m-lab/ndt/2017/01/01/20170101T000000Z-mlab1-akl01-ndt-0004.tgz,20170101T09:02:00.794183000Z_118.93.189.237.s2c_ndttrace,0,0,b-->a,2541,2,2,0,0,0,0,0,1,1
gs://m-lab/ndt/2017/01/01/20170101T000000Z-mlab1-akl01-ndt-0004.tgz,20170101T09:02:26.160087000Z_203.94.60.200.s2c_ndttrace,0,0,a-->b,48152,3,4,1,1,1,47774,1,1,1
gs://m-lab/ndt/2017/01/01/20170101T000000Z-mlab1-akl01-ndt-0004.tgz,20170101T09:02:26.160087000Z_203.94.60.200.s2c_ndttrace,0,0,b-->a,6611,2,2,0,0,0,0,0,1,1
gs://m-lab/ndt/2017/01/01/20170101T000000Z-mlab1-akl01-ndt-0004.tgz,20170101T09:02:28.145850000Z_118.93.189.237.s2c_ndttrace,0,0,a-->b,4337,33,60,31,31,31,4329,1,3,3
gs://m-lab/ndt/2017/01/01/20170101T000000Z-mlab1-akl01-ndt-0004.tgz,20170101T09:02:28.145850000Z_118.93.189.237.s2c_ndttrace,0,0,b-->a,2188,2,2,0,0,0,0,0,1,1
gs://m-lab/ndt/2017/01/01/20170101T000000Z-mlab1-akl01-ndt-0004.tgz,20170101T09:02:44.222818000Z_118.93.189.237.s2c_ndttrace,0,0,a-->b,4695,37,62,35,35,35,4678,1,3,3
gs://m-lab/ndt/2017/01/01/20170101T000000Z-mlab1-akl01-ndt-0004.tgz,20170101T09:02:44.222818000Z_118.93.189.237.s2c_ndttrace,0,0,b-->a,2370,2,2,0,0,0,0,0,1,1
gs://m-lab/ndt/2017/01/01/20170101T000000Z-mlab1-akl01-ndt-0004.tgz,20170101T09:02:59.996133000Z_203.109.213.238.s2c_ndttrace,0,0,a-->b,4971,28,48,26,26,26,4962,0,5,5
gs://m-lab/ndt/2017/01/01/20170101T000000Z-mlab1-akl01-ndt-0004.tgz,20170101T09:02:59.996133000Z_203.109.213.238.s2c_ndttrace,0,0,b-->a,2673,2,2,0,0,0,0,0,1,1
gs://m-lab/ndt/2017/01/01/20170101T000000Z-mlab1-akl01-ndt-0004.tgz,20170101T09:03:09.652195000Z_47.72.214.191.s2c_ndttrace,0,0,a-->b,4724,86,86,84,84,84,4714,1,4,4
gs://m-lab/ndt/2017/01/01/20170101T000000Z-mlab1-akl01-ndt-0004.tgz,20170101T09:03:09.652195000Z_47.72.214.191.s2c_ndttrace,0,0,b-->a,2614,2,2,0,0,0,0,0,1,1
gs://m-lab/ndt/2017/01/01/20170101T000000Z-mlab1-akl01-ndt-0004.tgz,20170101T09:03:20.560627000Z_45.56.98.222.s2c_ndttrace,0,0,a-->b,53,25,27,24,24,24,50,0,5,5
gs://m-lab/ndt/2017/01/01/20170101T000000Z-mlab1-akl01-ndt-0004.tgz,20170101T09:03:20.560627000Z_45.56.98.222.s2c_ndttrace,0,0,b-->a,27,2,2,0,0,0,0,0,1,1
gs://m-lab/ndt/2017/01/01/20170101T000000Z-mlab1-akl01-ndt-0004.tgz,20170101T09:03:35.918709000Z_163.47.106.9.s2c_ndttrace,0,0,a-->b,1590,13,20,11,11,11,1552,1,3,3
gs://m-lab/ndt/2017/01/01/20170101T000000Z-mlab1-akl01-ndt-0004.tgz,20170101T09:03:35.918709000Z_163.47.106.9.s2c_ndttrace,0,0,b-->a,1034,2,2,0,0,0,0,0,1,1
gs://m-lab/ndt/2017/01/01/20170101T000000Z-mlab1-akl01-ndt-0004.tgz,20170101T09:03:51.814000Z_111.69.186.84.s2c_ndttrace,0,0,a-->b,14694,16,26,14,14,14,14670,1,2,2
gs://m-lab/ndt/2017/01/01/20170101T000000Z-mlab1-akl01-ndt-0004.tgz,20170101T09:03:51.814000Z_111.69.186.84.s2c_ndttrace,0,0,b-->a,7454,2,2,0,0,0,0,0,1,1
gs://m-lab/ndt/2017/01/01/20170101T000000Z-mlab1-akl01-ndt-0004.tgz,20170101T09:04:11.353913000Z_203.109.213.238.s2c_ndttrace,0,0,a-->b,5457,49,84,47,47,47,5447,1,4,4
gs://m-lab/ndt/2017/01/01/20170101T000000Z-mlab1-akl01-ndt-0004.tgz,20170101T09:04:11.353913000Z_203.109.213.238.s2c_ndttrace,0,0,b-->a,2911,2,2,0,0,0,0,0,1,1
gs://m-lab/ndt/2017/01/01/20170101T000000Z-mlab1-akl01-ndt-0004.tgz,20170101T09:05:03.145282000Z_121.99.107.216.s2c_ndttrace,0,0,a-->b,58,2,2,0,0,0,43,0,1,1
gs://m-lab/ndt/2017/01/01/20170101T000000Z-mlab1-akl01-ndt-0004.tgz,20170101T09:05:03.145282000Z_121.99.107.216.s2c_ndttrace,0,0,b-->a,22,2,2,0,0,0,0,0,1,1
gs://m-lab/ndt/2017/01/01/20170101T000000Z-mlab1-akl01-ndt-0004.tgz,20170101T09:05:12.801334000Z_119.224.32.156.s2c_ndttrace,0,0,a-->b,1954,64,42,62,62,62,1932,1,3,3
gs://m-lab/ndt/2017/01/01/20170101T000000Z-mlab1-akl01-ndt-0004.tgz,20170101T09:05:12.801334000Z_119.224.32.156.s2c_ndttrace,0,0,b-->a,1315,2,2,0,0,0,0,0,1,1
gs://m-lab/ndt/2017/01/01/20170101T000000Z-mlab1-akl01-ndt-0004.tgz,
gs://m-lab/ndt/2017/01/01/20170101T000000Z-mlab1-akl01-ndt-0004.tgz,
gs://m-lab/ndt/2017/01/01/20170101T000000Z-mlab1-akl01-ndt-0004.tgz,20170101T09:06:12.904113000Z_203.109.213.238.s2c_ndttrace,0,0,a-->b,1548,13,24,11,11,11,1548,0,3,3
gs://m-lab/ndt/2017/01/01/20170101T000000Z-mlab1-akl01-ndt-0004.tgz,20170101T09:06:12.904113000Z_203.109.213.238.s2c_ndttrace,0,0,b-->a,843,2,2,0,0,0,1,0,1,1
gs://m-lab/ndt/2017/01/01/20170101T000000Z-mlab1-akl01-ndt-0004.tgz,20170101T09:06:12.904113000Z_203.109.213.238.s2c_ndttrace,0,1,a-->b,591,3,4,1,1,1,570,0,1,1
gs://m-lab/ndt/2017/01/01/20170101T000000Z-mlab1-akl01-ndt-0004.tgz,20170101T09:06:12.904113000Z_203.109.213.238.s2c_ndttrace,0,1,b-->a,299,2,2,0,0,0,0,0,1,1
gs://m-lab/ndt/2017/01/01/20170101T000000Z-mlab1-akl01-ndt-0004.tgz,20170101T09:07:06.666108000Z_203.118.183.236.s2c_ndttrace,0,0,a-->b,5234,32,42,30,30,30,5219,1,5,5
gs://m-lab/ndt/2017/01/01/20170101T000000Z-mlab1-akl01-ndt-0004.tgz,20170101T09:07:06.666108000Z_203.118.183.236.s2c_ndttrace,0,0,b-->a,2356,2,2,0,0,0,0,0,1,1
gs://m-lab/ndt/2017/01/01/20170101T000000Z-mlab1-akl01-ndt-0004.tgz,2
gs://m-lab/ndt/2017/01/01/20170101T000000Z-mlab1-akl01-ndt-0004.tgz,20170101T09:08:05.456998000Z_138.68.40.225.s2c_ndttrace,0,0,a-->b,55,10,10,8,8,8,54,1,1,1
gs://m-lab/ndt/2017/01/01/20170101T000000Z-mlab1-akl01-ndt-0004.tgz,20170101T09:08:05.456998000Z_138.68.40.225.s2c_ndttrace,0,0,b-->a,40,2,2,0,0,0,0,0,1,1
gs://m-lab/ndt/2017/01/01/20170101T000000Z-mlab1-akl01-ndt-0004.tgz,20170101T09:08:10.759312000Z_163.47.106.8.s2c_ndttrace,0,0,a-->b,2835,157,184,155,155,155,2791,1,3,3
gs://m-lab/ndt/2017/01/01/20170101T000000Z-mlab1-akl01-ndt-0004.tgz,20170101T09:08:10.759312000Z_163.47.106.8.s2c_ndttrace,0,0,b-->a,1501,2,2,0,0,0,0,0,1,1
gs://m-lab/ndt/2017/01/01/20170101T000000Z-mlab1-akl01-ndt-0004.tgz,20170101T09:08:51.445099000Z_118.93.55.50.s2c_ndttrace,0,0,a-->b,2383,28,29,26,26,26,2379,1,5,5
gs://m-lab/ndt/2017/01/01/20170101T000000Z-mlab1-akl01-ndt-0004.tgz,20170101T09:08:51.445099000Z_118.93.55.50.s2c_ndttrace,0,0,b-->a,1247,2,2,0,0,0,0,0,1,1
gs://m-lab/ndt/2017/01/01/20170101T000000Z-mlab1-akl01-ndt-0004.tgz,20170101T09:09:17.538662000Z_101.98.161.83.s2c_ndttrace,0,0,a-->b,2145,4,4,2,2,2,2106,1,1,1
gs://m-lab/ndt/2017/01/01/20170101T000000Z-mlab1-akl01-ndt-0004.tgz,20170101T09:09:17.538662000Z_101.98.161.83.s2c_ndttrace,0,0,b-->a,1074,2,2,0,0,0,0,0,1,1
gs://m-lab/ndt/2017/01/01/20170101T000000Z-mlab1-akl01-ndt-0004.tgz,20170101T09:09:20.163834000Z_219.88.238.193.s2c_ndttrace,0,0,a-->b,13491,2,2,0,0,0,0,0,1,1
gs://m-lab/ndt/2017/01/01/20170101T000000Z-mlab1-akl01-ndt-0004.tgz,20170101T09:09:20.163834000Z_219.88.238.193.s2c_ndttrace,0,0,b-->a,29952,57,26,55,55,55,29932,1,3,3
gs://m-lab/ndt/2017/01/01/20170101T000000Z-mlab1-akl01-ndt-0004.tgz,20170101T09:09:31.511348000Z_202.89.128.115.s2c_ndttrace,0,0,a-->b,16903,35,16,33,33,33,16903,1,2,2
gs://m-lab/ndt/2017/01/01/20170101T000000Z-mlab1-akl01-ndt-0004.tgz,20170101T09:09:31.511348000Z_202.89.128.115.s2c_ndttrace,0,0,b-->a,3049,2,2,0,0,0,1,0,1,1
gs://m-lab/ndt/2017/01/01/20170101T000000Z-mlab1-akl01-ndt-0004.tgz,20170101T09:09:31.511348000Z_202.89.128.115.s2c_ndttrace,0,1,a-->b,13818,18,10,16,16,16,13708,1,2,2
gs://m-lab/ndt/2017/01/01/20170101T000000Z-mlab1-akl01-ndt-0004.tgz,20170101T09:09:31.511348000Z_202.89.128.115.s2c_ndttrace,0,1,b-->a,2520,2,2,0,0,0,0,0,1,1
gs://m-lab/ndt/2017/01/01/20170101T000000Z-mlab1-akl01-ndt-0004.tgz,20170101T09:09:56.449868000Z_101.98.161.83.s2c_ndttrace,0,0,a-->b,1409,4,6,2,2,2,1373,1,1,1
gs://m-lab/ndt/2017/01/01/20170101T000000Z-mlab1-akl01-ndt-0004.tgz,20170101T09:09:56.449868000Z_101.98.161.83.s2c_ndttrace,0,0,b-->a,693,2,2,0,0,0,0,0,1,1
gs://m-lab/ndt/2017/01/01/20170101T000000Z-mlab1-akl01-ndt-0004.tgz,20170101T09:09:58.844197000Z_219.88.238.193.s2c_ndttrace,0,0,a-->b,32,2,2,0,0,0,32,0,1,1
gs://m-lab/ndt/2017/01/01/20170101T000000Z-mlab1-akl01-ndt-0004.tgz,20170101T09:09:58.844197000Z_219.88.238.193.s2c_ndttrace,0,0,b-->a,10,2,2,0,0,0,1,0,1,1
gs://m-lab/ndt/2017/01/01/20170101T000000Z-mlab1-akl01-ndt-0004.tgz,20170101T09:09:58.844197000Z_219.88.238.193.s2c_ndttrace,0,1,a-->b,15209,98,66,96,96,96,15180,1,4,4
gs://m-lab/ndt/2017/01/01/20170101T000000Z-mlab1-akl01-ndt-0004.tgz,20170101T09:09:58.844197000Z_219.88.238.193.s2c_ndttrace,0,1,b-->a,7528,2,2,0,0,0,0,0,1,1
gs://m-lab/ndt/2017/01/01/20170101T000000Z-mlab1-akl01-ndt-0004.tgz,20170101T09:10:01.74273000Z_182.48.156.19.s2c_ndttrace,0,0,a-->b,3102,34,42,32,32,32,3102,1,7,7
gs://m-lab/ndt/2017/01/01/20170101T000000Z-mlab1-akl01-ndt-0004.tgz,20170101T09:10:01.74273000Z_182.48.156.19.s2c_ndttrace,0,0,b-->a,1225,2,2,0,0,0,1,0,1,1
gs://m-lab/ndt/2017/01/01/20170101T000000Z-mlab1-akl01-ndt-0004.tgz,20170101T09:10:01.74273000Z_182.48.156.19.s2c_ndttrace,0,1,a-->b,1840,5,4,3,3,3,1803,1,2,2
gs://m-lab/ndt/2017/01/01/20170101T000000Z-mlab1-akl01-ndt-0004.tgz,20170101T09:10:01.74273000Z_182.48.156.19.s2c_ndttrace,0,1,b-->a,377,2,2,0,0,0,0,0,1,1
gs://m-lab/ndt/2017/01/01/20170101T000000Z-mlab1-akl01-ndt-0004.tgz,20170101T09:10:04.538949000Z_219.88.238.193.s2c_ndttrace,0,0,a-->b,11753,32,22,30,30,30,11722,1,3,3
gs://m-lab/ndt/2017/01/01/20170101T000000Z-mlab1-akl01-ndt-0004.tgz,20170101T09:10:04.538949000Z_219.88.238.193.s2c_ndttrace,0,0,b-->a,5102,2,2,0,0,0,0,0,1,1
gs://m-lab/ndt/2017/01/01/20170101T000000Z-mlab1-akl01-ndt-0004.tgz,20170101T09:10:47.417879000Z_103.9.40.160.s2c_ndttrace,0,0,a-->b,2597,25,14,23,23,23,2576,1,5,5
gs://m-lab/ndt/2017/01/01/20170101T000000Z-mlab1-akl01-ndt-0004.tgz,20170101T09:10:47.417879000Z_103.9.40.160.s2c_ndttrace,0,0,b-->a,1374,2,2,0,0,0,0,0,1,1
gs://m-lab/ndt/2017/01/01/20170101T000000Z-mlab1-akl01-ndt-0004.tgz,20170101T09:10:58.790652000Z_121.75.128.19.s2c_ndttrace,0,0,a-->b,68,2,2,0,0,0,0,0,1,1
gs://m-lab/ndt/2017/01/01/20170101T000000Z-mlab1-akl01-ndt-0004.tgz,2
gs://m-lab/ndt/2017/01/01/20170101T000000Z-mlab1-akl01-ndt-0004.tgz,20170101T09:10:58.790652000Z_121.75.128.19.s2c_ndttrace,0,0,b-->a,117,11,10,9,9,9,111,1,1,1
gs://m-lab/ndt/2017/01/01/20170101T000000Z-mlab1-akl01-ndt-0004.tgz,20170101T09:11:16.120635000Z_163.47.106.9.s2c_ndttrace,0,0,a-->b,2128,2,2,0,0,0,0,0,1,1
gs://m-lab/ndt/2017/01/01/20170101T000000Z-mlab1-akl01-ndt-0004.tgz,20170101T09:11:16.120635000Z_163.47.106.9.s2c_ndttrace,0,0,b-->a,3397,83,98,81,81,81,3351,0,3,3
gs://m-lab/ndt/2017/01/01/20170101T000000Z-mlab1-akl01-ndt-0004.tgz,20170101T09:11:37.644268000Z_118.93.55.50.s2c_ndttrace,0,0,a-->b,1931,2,2,0,0,0,0,0,1,1
gs://m-lab/ndt/2017/01/01/20170101T000000Z-mlab1-akl01-ndt-0004.tgz,20170101T09:11:37.644268000Z_118.93.55.50.s2c_ndttrace,0,0,b-->a,3651,26,40,24,24,24,3640,1,3,3
gs://m-lab/ndt/2017/01/01/20170101T000000Z-mlab1-akl01-ndt-0004.tgz,20170101T09:12:22.387374000Z_163.47.106.8.s2c_ndttrace,0,0,a-->b,2699,133,150,131,131,131,2654,1,3,3
gs://m-lab/ndt/2017/01/01/20170101T000000Z-mlab1-akl01-ndt-0004.tgz,20170101T09:12:22.387374000Z_163.47.106.8.s2c_ndttrace,0,0,b-->a,1476,2,2,0,0,0,0,0,1,1
gs://m-lab/ndt/2017/01/01/20170101T000000Z-mlab1-akl01-ndt-0004.tgz,20170101T09:13:13.960763000Z_163.47.106.8.s2c_ndttrace,0,0,a-->b,2753,51,58,49,49,49,2698,0,3,3
gs://m-lab/ndt/2017/01/01/20170101T000000Z-mlab1-akl01-ndt-0004.tgz,20170101T09:13:13.960763000Z_163.47.106.8.s2c_ndttrace,0,0,b-->a,1685,2,2,0,0,0,0,0,1,1
gs://m-lab/ndt/2017/01/01/20170101T000000Z-mlab1-akl01-ndt-0004.tgz,20170101T09:13:20.577844000Z_45.56.98.222.s2c_ndttrace,0,0,a-->b,71,34,34,32,32,32,69,0,5,5
gs://m-lab/ndt/2017/01/01/20170101T000000Z-mlab1-akl01-ndt-0004.tgz,20170101T09:13:20.577844000Z_45.56.98.222.s2c_ndttrace,0,0,b-->a,39,2,2,0,0,0,0,0,1,1
gs://m-lab/ndt/2017/01/01/20170101T000000Z-mlab1-akl01-ndt-0004.tgz,20170101T09:13:33.200918000Z_122.129.151.47.s2c_ndttrace,0,0,a-->b,319,4,6,2,2,2,300,0,3,3
gs://m-lab/ndt/2017/01/01/20170101T000000Z-mlab1-akl01-ndt-0004.tgz,20170101T09:13:33.200918000Z_122.129.151.47.s2c_ndttrace,0,0,b-->a,286,2,2,0,0,0,0,0,1,1
gs://m-lab/ndt/2017/01/01/20170101T000000Z-mlab1-akl01-ndt-0004.tgz,20170101T09:13:37.653121000Z_118.148.64.140.s2c_ndttrace,0,0,a-->b,2062,43,30,41,41,41,2062,1,5,5
gs://m-lab/ndt/2017/01/01/20170101T000000Z-mlab1-akl01-ndt-0004.tgz,20170101T09:13:37.653121000Z_118.148.64.140.s2c_ndttrace,0,0,b-->a,1993,2,2,0,0,0,1,0,1,1
gs://m-lab/ndt/2017/01/01/20170101T000000Z-mlab1-akl01-ndt-0004.tgz,20170101T09:13:37.653121000Z_118.148.64.140.s2c_ndttrace,0,1,a-->b,6678,107,60,105,105,105,6652,1,2,2
gs://m-lab/ndt/2017/01/01/20170101T000000Z-mlab1-akl01-ndt-0004.tgz,20170101T09:13:37.653121000Z_118.148.64.140.s2c_ndttrace,0,1,b-->a,6576,2,2,0,0,0,0,0,1,1
gs://m-lab/ndt/2017/01/01/20170101T000000Z-mlab1-akl01-ndt-0004.tgz,20170101T09:14:06.114925000Z_101.100.146.155.s2c_ndttrace,0,0,a-->b,47524,46,18,44,44,44,47364,1,3,3
gs://m-lab/ndt/2017/01/01/20170101T000000Z-mlab1-akl01-ndt-0004.tgz,20170101T09:14:06.114925000Z_101.100.146.155.s2c_ndttrace,0,0,b-->a,19028,2,2,0,0,0,0,0,1,1
gs://m-lab/ndt/2017/01/01/20170101T000000Z-mlab1-akl01-ndt-0004.tgz,20170101T09:14:17.802731000Z_115.188.11.124.s2c_ndttrace,0,0,a-->b,5052,36,8,34,34,34,5015,1,4,4
gs://m-lab/ndt/2017/01/01/20170101T000000Z-mlab1-akl01-ndt-0004.tgz,20170101T09:14:17.802731000Z_115.188.11.124.s2c_ndttrace,0,0,b-->a,1012,2,2,0,0,0,0,0,1,1
gs://m-lab/ndt/2017/01/01/20170101T000000Z-mlab1-akl01-ndt-0004.tgz,20170101T09:14:56.427657000Z_111.69.218.100.s2c_ndttrace,0,0,a-->b,32966,76,54,74,74,74,32931,1,2,2
gs://m-lab/ndt/2017/01/01/20170101T000000Z-mlab1-akl01-ndt-0004.tgz,20170101T09:14:56.427657000Z_111.69.218.100.s2c_ndttrace,0,0,b-->a,8413,2,2,0,0,0,0,0,1,1
gs://m-lab/ndt/2017/01/01/20170101T000000Z-mlab1-akl01-ndt-0004.tgz,2
gs://m-lab/ndt/2017/01/01/20170101T000000Z-mlab1-akl01-ndt-0004.tgz,20170101T09:14:56.940875000Z_138.68.40.225.s2c_ndttrace,0,0,a-->b,44,9,14,7,7,7,42,1,1,1
gs://m-lab/ndt/2017/01/01/20170101T000000Z-mlab1-akl01-ndt-0004.tgz,20170101T09:14:56.940875000Z_138.68.40.225.s2c_ndttrace,0,0,b-->a,37,2,2,0,0,0,0,0,1,1
gs://m-lab/ndt/2017/01/01/20170101T000000Z-mlab1-akl01-ndt-0004.tgz,20170101T09:15:00.590349000Z_121.99.107.216.s2c_ndttrace,0,0,a-->b,7612,33,28,31,31,31,7555,1,4,4
gs://m-lab/ndt/2017/01/01/20170101T000000Z-mlab1-akl01-ndt-0004.tgz,20170101T09:15:00.590349000Z_121.99.107.216.s2c_ndttrace,0,0,b-->a,3772,2,2,0,0,0,0,0,1,1
gs://m-lab/ndt/2017/01/01/20170101T000000Z-mlab1-akl01-ndt-0004.tgz,2
gs://m-lab/ndt/2017/01/01/20170101T000000Z-mlab1-akl01-ndt-0004.tgz,20170101T09:15:09.783281000Z_122.61.233.35.s2c_ndttrace,0,0,a-->b,1865,7,8,5,5,5,1829,1,1,1
gs://m-lab/ndt/2017/01/01/20170101T000000Z-mlab1-akl01-ndt-0004.tgz,20170101T09:15:09.783281000Z_122.61.233.35.s2c_ndttrace,0,0,b-->a,1310,2,2,0,0,0,0,0,1,1
gs://m-lab/ndt/2017/01/01/20170101T000000Z-mlab1-akl01-ndt-0004.tgz,20170101T09:15:10.673887000Z_163.47.106.8.s2c_ndttrace,0,0,a-->b,1292,2,2,0,0,0,0,0,1,1
gs://m-lab/ndt/2017/01/01/20170101T000000Z-mlab1-akl01-ndt-0004.tgz,20170101T09:15:10.673887000Z_163.47.106.8.s2c_ndttrace,0,0,b-->a,2096,33,18,31,31,31,2044,1,3,3
gs://m-lab/ndt/2017/01/01/20170101T000000Z-mlab1-akl01-ndt-0004.tgz,20170101T09:15:48.600079000Z_138.68.40.225.s2c_ndttrace,0,0,a-->b,103,4,4,2,2,2,99,0,1,1
gs://m-lab/ndt/2017/01/01/20170101T000000Z-mlab1-akl01-ndt-0004.tgz,20170101T09:15:48.600079000Z_138.68.40.225.s2c_ndttrace,0,0,b-->a,68,2,2,0,0,0,0,0,1,1
gs://m-lab/ndt/2017/01/01/20170101T000000Z-mlab1-akl01-ndt-0004.tgz,20170101T09:16:11.813577000Z_163.47.106.8.s2c_ndttrace,0,0,a-->b,1797,44,52,42,42,42,1765,0,3,3
gs://m-lab/ndt/2017/01/01/20170101T000000Z-mlab1-akl01-ndt-0004.tgz,20170101T09:16:11.813577000Z_163.47.106.8.s2c_ndttrace,0,0,b-->a,1235,2,2,0,0,0,0,0,1,1
gs://m-lab/ndt/2017/01/01/20170101T000000Z-mlab1-akl01-ndt-0004.tgz,20170101T09:16:14.407419000Z_103.52.207.49.s2c_ndttrace,0,0,a-->b,30059,59,28,57,57,57,30027,1,3,3
gs://m-lab/ndt/2017/01/01/20170101T000000Z-mlab1-akl01-ndt-0004.tgz,20170101T09:16:14.407419000Z_103.52.207.49.s2c_ndttrace,0,0,b-->a,4051,2,2,0,0,0,0,0,1,1
gs://m-lab/ndt/2017/01/01/20170101T000000Z-mlab1-akl01-ndt-0004.tgz,20170101T09:16:59.572103000Z_163.47.106.8.s2c_ndttrace,0,0,a-->b,1092,118,130,116,116,116,1072,1,3,3
gs://m-lab/ndt/2017/01/01/20170101T000000Z-mlab1-akl01-ndt-0004.tgz,20170101T09:16:59.572103000Z_163.47.106.8.s2c_ndttrace,0,0,b-->a,706,2,2,0,0,0,0,0,1,1
gs://m-lab/ndt/2017/01/01/20170101T000000Z-mlab1-akl01-ndt-0004.tgz,2
gs://m-lab/ndt/2017/01/01/20170101T000000Z-mlab1-akl01-ndt-0004.tgz,20170101T09:17:18.962870000Z_157.49.218.74.s2c_ndttrace,0,0,a-->b,38,14,16,12,12,12,33,1,1,1
gs://m-lab/ndt/2017/01/01/20170101T000000Z-mlab1-akl01-ndt-0004.tgz,20170101T09:17:18.962870000Z_157.49.218.74.s2c_ndttrace,0,0,b-->a,24,2,2,0,0,0,0,0,1,1
gs://m-lab/ndt/2017/01/01/20170101T000000Z-mlab1-akl01-ndt-0004.tgz,20170101T09:17:24.231051000Z_115.189.90.247.s2c_ndttrace,0,0,a-->b,43791,2,2,0,0,0,42341,0,1,1
gs://m-lab/ndt/2017/01/01/20170101T000000Z-mlab1-akl01-ndt-0004.tgz,20170101T09:17:24.231051000Z_115.189.90.247.s2c_ndttrace,0,0,b-->a,5781,2,2,0,0,0,0,0,1,1
gs://m-lab/ndt/2017/01/01/20170101T000000Z-mlab1-akl01-ndt-0004.tgz,20170101T09:17:24.479279000Z_59.96.2.137.s2c_ndttrace,0,0,a-->b,1201,22,32,20,20,20,1132,1,3,3
gs://m-lab/ndt/2017/01/01/20170101T000000Z-mlab1-akl01-ndt-0004.tgz,20170101T09:17:24.479279000Z_59.96.2.137.s2c_ndttrace,0,0,b-->a,762,2,2,0,0,0,0,0,1,1
gs://m-lab/ndt/2017/01/01/20170101T000000Z-mlab1-akl01-ndt-0004.tgz,20170101T09:17:28.727118000Z_101.98.48.172.s2c_ndttrace,0,0,a-->b,39156,248,464,246,246,246,39088,1,2,2
gs://m-lab/ndt/2017/01/01/20170101T000000Z-mlab1-akl01-ndt-0004.tgz,20170101T09:17:28.727118000Z_101.98.48.172.s2c_ndttrace,0,0,b-->a,18142,2,2,0,0,0,0,0,1,1
gs://m-lab/ndt/2017/01/01/20170101T000000Z-mlab1-akl01-ndt-0004.tgz,20170101T09:18:10.103048000Z_163.47.106.9.s2c_ndttrace,0,0,a-->b,206,2,2,0,0,0,195,0,1,1
gs://m-lab/ndt/2017/01/01/20170101T000000Z-mlab1-akl01-ndt-0004.tgz,20170101T09:18:10.103048000Z_163.47.106.9.s2c_ndttrace,0,0,b-->a,146,2,2,0,0,0,0,0,1,1
gs://m-lab/ndt/2017/01/01/20170101T000000Z-mlab1-akl01-ndt-0004.tgz,20170101T09:18:32.960494000Z_115.188.123.204.s2c_ndttrace,0,0,a-->b,8756,70,78,68,68,68,8719,1,7,7
gs://m-lab/ndt/2017/01/01/20170101T000000Z-mlab1-akl01-ndt-0004.tgz,20170101T09:18:32.960494000Z_115.188.123.204.s2c_ndttrace,0,0,b-->a,3799,2,2,0,0,0,0,0,1,1
gs://m-lab/ndt/2017/01/01/20170101T000000Z-mlab1-akl01-ndt-0004.tgz,20170101T09:19:48.838789000Z_163.47.106.1.s2c_ndttrace,0,0,a-->b,2567,28,16,26,26,26,2521,1,3,3
gs://m-lab/ndt/2017/01/01/20170101T000000Z-mlab1-akl01-ndt-0004.tgz,20170101T09:19:48.838789000Z_163.47.106.1.s2c_ndttrace,0,0,b-->a,1522,2,2,0,0,0,0,0,1,1
gs://m-lab/ndt/2017/01/01/20170101T000000Z-mlab1-akl01-ndt-0004.tgz,20170101T09:20:24.29148000Z_121.222.148.198.s2c_ndttrace,0,0,a-->b,185,3,4,1,1,1,170,1,1,1
gs://m-lab/ndt/2017/01/01/20170101T000000Z-mlab1-akl01-ndt-0004.tgz,20170101T09:20:24.29148000Z_121.222.148.198.s2c_ndttrace,0,0,b-->a,120,2,2,0,0,0,0,0,1,1
gs://m-lab/ndt/2017/01/01/20170101T000000Z-mlab1-akl01-ndt-0004.tgz,20170101T09:20:29.302100000Z_125.238.254.232.s2c_ndttrace,0,0,a-->b,47,5,6,3,3,3,42,1,1,1
gs://m-lab/ndt/2017/01/01/20170101T000000Z-mlab1-akl01-ndt-0004.tgz,20170101T09:20:29.302100000Z_125.238.254.232.s2c_ndttrace,0,0,b-->a,28,2,2,0,0,0,0,0,1,1
gs://m-lab/ndt/2017/01/01/20170101T000000Z-mlab1-akl01-ndt-0004.tgz,20170101T09:20:58.441398000Z_122.57.4.197.s2c_ndttrace,0,0,a-->b,17390,2,2,0,0,0,17326,0,1,1
gs://m-lab/ndt/2017/01/01/20170101T000000Z-mlab1-akl01-ndt-0004.tgz,20170101T09:20:58.441398000Z_122.57.4.197.s2c_ndttrace,0,0,b-->a,8664,2,2,0,0,0,0,0,1,1
gs://m-lab/ndt/2017/01/01/20170101T000000Z-mlab1-akl01-ndt-0004.tgz,20170101T09:21:04.233996000Z_122.62.19.18.s2c_ndttrace,0,0,a-->b,14895,107,60,105,105,105,14791,1,2,2
gs://m-lab/ndt/2017/01/01/20170101T000000Z-mlab1-akl01-ndt-0004.tgz,20170101T09:21:04.233996000Z_122.62.19.18.s2c_ndttrace,0,0,b-->a,3535,2,2,0,0,0,1,0,1,1
gs://m-lab/ndt/2017/01/01/20170101T000000Z-mlab1-akl01-ndt-0004.tgz,20170101T09:21:04.233996000Z_122.62.19.18.s2c_ndttrace,0,1,a-->b,8,2,2,0,0,0,0,0,1,1
gs://m-lab/ndt/2017/01/01/20170101T000000Z-mlab1-akl01-ndt-0004.tgz,20170101T09:21:04.233996000Z_122.62.19.18.s2c_ndttrace,0,1,b-->a,8,2,2,0,0,0,0,0,1,1
gs://m-lab/ndt/2017/01/01/20170101T000000Z-mlab1-akl01-ndt-0004.tgz,20170101T09:21:21.124051000Z_163.47.106.9.s2c_ndttrace,0,0,a-->b,1879,73,66,71,71,71,1841,1,3,3
gs://m-lab/ndt/2017/01/01/20170101T000000Z-mlab1-akl01-ndt-0004.tgz,20170101T09:21:21.124051000Z_163.47.106.9.s2c_ndttrace,0,0,b-->a,1207,2,2,0,0,0,0,0,1,1
gs://m-lab/ndt/2017/01/01/20170101T000000Z-mlab1-akl01-ndt-0004.tgz,20170101T09:21:48.16734000Z_124.197.37.239.s2c_ndttrace,0,0,a-->b,7248,2,2,0,0,0,7237,0,1,1
gs://m-lab/ndt/2017/01/01/20170101T000000Z-mlab1-akl01-ndt-0004.tgz,20170101T09:21:48.16734000Z_124.197.37.239.s2c_ndttrace,0,0,b-->a,3602,2,2,0,0,0,1,0,1,1
gs://m-lab/ndt/2017/01/01/20170101T000000Z-mlab1-akl01-ndt-0004.tgz,20170101T09:21:48.16734000Z_124.197.37.239.s2c_ndttrace,0,1,a-->b,35,2,2,0,0,0,0,0,1,1
gs://m-lab/ndt/2017/01/01/20170101T000000Z-mlab1-akl01-ndt-0004.tgz,20170101T09:21:48.16734000Z_124.197.37.239.s2c_ndttrace,0,1,b-->a,17,2,2,0,0,0,0,0,1,1
gs://m-lab/ndt/2017/01/01/20170101T000000Z-mlab1-akl01-ndt-0004.tgz,20170101T09:22:06.75908000Z_122.56.233.193.s2c_ndttrace,0,0,a-->b,2282,12,4,10,10,10,2241,1,1,1
gs://m-lab/ndt/2017/01/01/20170101T000000Z-mlab1-akl01-ndt-0004.tgz,20170101T09:22:06.75908000Z_122.56.233.193.s2c_ndttrace,0,0,b-->a,858,2,2,0,0,0,0,0,1,1
gs://m-lab/ndt/2017/01/01/20170101T000000Z-mlab1-akl01-ndt-0004.tgz,20170101T09:22:16.704090000Z_163.47.106.8.s2c_ndttrace,0,0,a-->b,183,2,2,0,0,0,171,0,1,1
gs://m-lab/ndt/2017/01/01/20170101T000000Z-mlab1-akl01-ndt-0004.tgz,20170101T09:22:16.704090000Z_163.47.106.8.s2c_ndttrace,0,0,b-->a,132,2,2,0,0,0,0,0,1,1
gs://m-lab/ndt/2017/01/01/20170101T000000Z-mlab1-akl01-ndt-0004.tgz,20170101T09:22:56.853486000Z_122.60.250.185.s2c_ndttrace,0,0,a-->b,2984,2,2,0,0,0,2860,0,1,1
gs://m-lab/ndt/2017/01/01/20170101T000000Z-mlab1-akl01-ndt-0004.tgz,20170101T09:22:56.853486000Z_122.60.250.185.s2c_ndttrace,0,0,b-->a,1373,2,2,0,0,0,0,0,1,1
gs://m-lab/ndt/2017/01/01/20170101T000000Z-mlab1-akl01-ndt-0004.tgz,20170101T09:23:20.419534000Z_45.56.98.222.s2c_ndttrace,0,0,a-->b,51,28,27,27,27,27,49,0,5,5
gs://m-lab/ndt/2017/01/01/20170101T000000Z-mlab1-akl01-ndt-0004.tgz,20170101T09:23:20.419534000Z_45.56.98.222.s2c_ndttrace,0,0,b-->a,23,2,2,0,0,0,0,0,1,1
gs://m-lab/ndt/2017/01/01/20170101T000000Z-mlab1-akl01-ndt-0004.tgz,20170101T09:23:49.462896000Z_101.98.38.235.s2c_ndttrace,0,0,a-->b,37872,5,8,3,3,3,37747,1,2,2
gs://m-lab/ndt/2017/01/01/20170101T000000Z-mlab1-akl01-ndt-0004.tgz,20170101T09:23:49.462896000Z_101.98.38.235.s2c_ndttrace,0,0,b-->a,19211,2,2,0,0,0,0,0,1,1
gs://m-lab/ndt/2017/01/01/20170101T000000Z-mlab1-akl01-ndt-0004.tgz,20170101T09:24:10.532475000Z_115.188.168.28.s2c_ndttrace,0,0,a-->b,1008,2,2,0,0,0,962,0,1,1
gs://m-lab/ndt/2017/01/01/20170101T000000Z-mlab1-akl01-ndt-0004.tgz,20170101T09:24:10.532475000Z_115.188.168.28.s2c_ndttrace,0,0,b-->a,431,2,2,0,0,0,0,0,1,1
gs://m-lab/ndt/2017/01/01/20170101T000000Z-mlab1-akl01-ndt-0004.tgz,20170101T09:24:12.97472000Z_163.47.106.7.s2c_ndttrace,0,0,a-->b,1717,48,68,46,46,46,1681,0,3,3
gs://m-lab/ndt/2017/01/01/20170101T000000Z-mlab1-akl01-ndt-0004.tgz,20170101T09:24:12.97472000Z_163.47.106.7.s2c_ndttrace,0,0,b-->a,1087,2,2,0,0,0,0,0,1,1
gs://m-lab/ndt/2017/01/01/20170101T000000Z-mlab1-akl01-ndt-0004.tgz,20170101T09:24:42.970937000Z_115.188.168.28.s2c_ndttrace,0,0,a-->b,6260,7,4,5,5,5,6214,1,1,1
gs://m-lab/ndt/2017/01/01/20170101T000000Z-mlab1-akl01-ndt-0004.tgz,20170101T09:24:42.970937000Z_115.188.168.28.s2c_ndttrace,0,0,b-->a,2109,2,2,0,0,0,0,0,1,1
gs://m-lab/ndt/2017/01/01/20170101T000000Z-mlab1-akl01-ndt-0004.tgz,20170101T09:25:06.697020000Z_203.173.204.253.s2c_ndttrace,0,0,a-->b,13414,73,108,71,71,71,13391,1,3,3
gs://m-lab/ndt/2017/01/01/20170101T000000Z-mlab1-akl01-ndt-0004.tgz,20170101T09:25:06.697020000Z_203.173.204.253.s2c_ndttrace,0,0,b-->a,8300,2,2,0,0,0,0,0,1,1
gs://m-lab/ndt/2017/01/01/20170101T000000Z-mlab1-akl01-ndt-0004.tgz,2
gs://m-lab/ndt/2017/01/01/20170101T000000Z-mlab1-akl01-ndt-0004.tgz,20170101T09:25:07.641345000Z_120.136.5.82.s2c_ndttrace,0,0,a-->b,7928,11,12,9,9,9,7844,1,1,1
gs://m-lab/ndt/2017/01/01/20170101T000000Z-mlab1-akl01-ndt-0004.tgz,20170101T09:25:07.641345000Z_120.136.5.82.s2c_ndttrace,0,0,b-->a,1501,2,2,0,0,0,0,0,1,1
gs://m-lab/ndt/2017/01/01/20170101T000000Z-mlab1-akl01-ndt-0004.tgz,20170101T09:25:16.595985000Z_115.188.168.28.s2c_ndttrace,0,0,a-->b,5095,13,14,11,11,11,5049,1,2,2
gs://m-lab/ndt/2017/01/01/20170101T000000Z-mlab1-akl01-ndt-0004.tgz,20170101T09:25:16.595985000Z_115.188.168.28.s2c_ndttrace,0,0,b-->a,2682,2,2,0,0,0,0,0,1,1
gs://m-lab/ndt/2017/01/01/20170101T000000Z-mlab1-akl01-ndt-0004.tgz,20170101T09:25:35.624418000Z_115.188.168.28.s2c_ndttrace,0,0,a-->b,7439,8,10,6,6,6,7439,1,2,2
gs://m-lab/ndt/2017/01/01/20170101T000000Z-mlab1-akl01-ndt-0004.tgz,20170101T09:25:35.624418000Z_115.188.168.28.s2c_ndttrace,0,0,b-->a,2865,2,2,0,0,0,1,0,1,1
gs://m-lab/ndt/2017/01/01/20170101T000000Z-mlab1-akl01-ndt-0004.tgz,20170101T09:25:35.624418000Z_115.188.168.28.s2c_ndttrace,0,1,a-->b,2923,2,2,0,0,0,2877,0,1,1
gs://m-lab/ndt/2017/01/01/20170101T000000Z-mlab1-akl01-ndt-0004.tgz,20170101T09:25:35.624418000Z_115.188.168.28.s2c_ndttrace,0,1,b-->a,1140,2,2,0,0,0,0,0,1,1
gs://m-lab/ndt/2017/01/01/20170101T000000Z-mlab1-akl01-ndt-0004.tgz,20170101T09:26:46.470231000Z_118.93.136.47.s2c_ndttrace,0,0,a-->b,5041,54,70,52,52,52,5030,1,4,4
gs://m-lab/ndt/2017/01/01/20170101T000000Z-mlab1-akl01-ndt-0004.tgz,20170101T09:26:46.470231000Z_118.93.136.47.s2c_ndttrace,0,0,b-->a,3625,2,2,0,0,0,0,0,1,1
gs://m-lab/ndt/2017/01/01/20170101T000000Z-mlab1-akl01-ndt-0004.tgz,20170101T09:27:09.806665000Z_115.189.92.110.s2c_ndttrace,0,0,a-->b,28359,4,6,2,2,2,27657,1,1,1
gs://m-lab/ndt/2017/01/01/20170101T000000Z-mlab1-akl01-ndt-0004.tgz,20170101T09:27:09.806665000Z_115.189.92.110.s2c_ndttrace,0,0,b-->a,4764,2,2,0,0,0,0,0,1,1
gs://m-lab/ndt/2017/01/01/20170101T000000Z-mlab1-akl01-ndt-0004.tgz,20170101T09:27:10.182396000Z_163.47.106.1.s2c_ndttrace,0,0,a-->b,1352,2,2,0,0,0,0,0,1,1
gs://m-lab/ndt/2017/01/01/20170101T000000Z-mlab1-akl01-ndt-0004.tgz,20170101T09:27:10.182396000Z_163.47.106.1.s2c_ndttrace,0,0,b-->a,2435,64,44,62,62,62,2396,1,3,3
gs://m-lab/ndt/2017/01/01/20170101T000000Z-mlab1-akl01-ndt-0004.tgz,2
gs://m-lab/ndt/2017/01/01/20170101T000000Z-mlab1-akl01-ndt-0004.tgz,20170101T09:28:20.90339000Z_119.224.95.222.s2c_ndttrace,0,0,a-->b,1713,14,16,12,12,12,1710,1,1,1
gs://m-lab/ndt/2017/01/01/20170101T000000Z-mlab1-akl01-ndt-0004.tgz,20170101T09:28:20.90339000Z_119.224.95.222.s2c_ndttrace,0,0,b-->a,909,2,2,0,0,0,0,0,1,1
gs://m-lab/ndt/2017/01/01/20170101T000000Z-mlab1-akl01-ndt-0004.tgz,20170101T09:29:02.190587000Z_203.109.202.148.s2c_ndttrace,0,0,a-->b,7408,34,66,32,32,32,7394,0,3,3
gs://m-lab/ndt/2017/01/01/20170101T000000Z-mlab1-akl01-ndt-0004.tgz,20170101T09:29:02.190587000Z_203.109.202.148.s2c_ndttrace,0,0,b-->a,3677,2,2,0,0,0,0,0,1,1
gs://m-lab/ndt/2017/01/01/20170101T000000Z-mlab1-akl01-ndt-0004.tgz,20170101T09:29:08.245354000Z_58.165.194.21.s2c_ndttrace,0,0,a-->b,2,2,2,0,0,0,0,0,1,1
gs://m-lab/ndt/2017/01/01/20170101T000000Z-mlab1-akl01-ndt-0004.tgz,20170101T09:29:08.245354000Z_58.165.194.21.s2c_ndttrace,0,0,b-->a,3,2,2,0,0,0,0,0,1,1
gs://m-lab/ndt/2017/01/01/20170101T000000Z-mlab1-akl01-ndt-0004.tgz,20170101T09:29:08.280179000Z_115.188.168.28.s2c_ndttrace,0,0,a-->b,6459,2,2,0,0,0,6413,0,1,1
gs://m-lab/ndt/2017/01/01/20170101T000000Z-mlab1-akl01-ndt-0004.tgz,20170101T09:29:08.280179000Z_115.188.168.28.s2c_ndttrace,0,0,b-->a,2859,2,2,0,0,0,0,0,1,1
gs://m-lab/ndt/2017/01/01/20170101T000000Z-mlab1-akl01-ndt-0004.tgz,20170101T09:29:24.904704000Z_115.188.167.0.s2c_ndttrace,0,0,a-->b,85862,9,16,7,7,7,85792,0,2,2
gs://m-lab/ndt/2017/01/01/20170101T000000Z-mlab1-akl01-ndt-0004.tgz,20170101T09:29:24.904704000Z_115.188.167.0.s2c_ndttrace,0,0,b-->a,37941,2,2,0,0,0,0,0,1,1
gs://m-lab/ndt/2017/01/01/20170101T000000Z-mlab1-akl01-ndt-0004.tgz,20170101T09:30:25.615030000Z_49.225.113.195.s2c_ndttrace,0,0,a-->b,551,10,10,8,8,8,542,1,3,3
gs://m-lab/ndt/2017/01/01/20170101T000000Z-mlab1-akl01-ndt-0004.tgz,20170101T09:30:25.615030000Z_49.225.113.195.s2c_ndttrace,0,0,b-->a,240,2,2,0,0,0,0,0,1,1
gs://m-lab/ndt/2017/01/01/20170101T000000Z-mlab1-akl01-ndt-0004.tgz,20170101T09:30:35.201825000Z_163.47.106.9.s2c_ndttrace,0,0,a-->b,1242,50,50,48,48,48,1214,0,3,3
gs://m-lab/ndt/2017/01/01/20170101T000000Z-mlab1-akl01-ndt-0004.tgz,20170101T09:30:35.201825000Z_163.47.106.9.s2c_ndttrace,0,0,b-->a,789,2,2,0,0,0,0,0,1,1
gs://m-lab/ndt/2017/01/01/20170101T000000Z-mlab1-akl01-ndt-0004.tgz,20170101T09:30:40.395044000Z_121.99.107.216.s2c_ndttrace,0,0,a-->b,11952,31,30,29,29,29,11914,1,3,3
gs://m-lab/ndt/2017/01/01/20170101T000000Z-mlab1-akl01-ndt-0004.tgz,20170101T09:30:40.395044000Z_121.99.107.216.s2c_ndttrace,0,0,b-->a,6015,2,2,0,0,0,0,0,1,1
gs://m-lab/ndt/2017/01/01/20170101T000000Z-mlab1-akl01-ndt-0004.tgz,20170101T09:30:41.448234000Z_219.89.193.226.s2c_ndttrace,0,0,a-->b,8150,86,86,84,84,84,8096,1,7,7
gs://m-lab/ndt/2017/01/01/20170101T000000Z-mlab1-akl01-ndt-0004.tgz,20170101T09:30:41.448234000Z_219.89.193.226.s2c_ndttrace,0,0,b-->a,7478,2,2,0,0,0,0,0,1,1
gs://m-lab/ndt/2017/01/01/20170101T000000Z-mlab1-akl01-ndt-0004.tgz,20170101T09:30:59.306099000Z_203.173.202.158.s2c_ndttrace,0,0,a-->b,6394,33,58,31,31,31,6381,1,3,3
gs://m-lab/ndt/2017/01/01/20170101T000000Z-mlab1-akl01-ndt-0004.tgz,20170101T09:30:59.306099000Z_203.173.202.158.s2c_ndttrace,0,0,b-->a,3719,2,2,0,0,0,0,0,1,1
gs://m-lab/ndt/2017/01/01/20170101T000000Z-mlab1-akl01-ndt-0004.tgz,20170101T09:31:12.314373000Z_121.99.107.216.s2c_ndttrace,0,0,a-->b,13673,35,30,33,33,33,13644,1,2,2
gs://m-lab/ndt/2017/01/01/20170101T000000Z-mlab1-akl01-ndt-0004.tgz,20170101T09:31:12.314373000Z_121.99.107.216.s2c_ndttrace,0,0,b-->a,6906,2,2,0,0,0,0,0,1,1
gs://m-lab/ndt/2017/01/01/20170101T000000Z-mlab1-akl01-ndt-0004.tgz,20170101T09:32:01.362444000Z_121.99.107.216.s2c_ndttrace,0,0,a-->b,5277,10,8,8,8,8,5234,1,2,2
gs://m-lab/ndt/2017/01/01/20170101T000000Z-mlab1-akl01-ndt-0004.tgz,20170101T09:32:01.362444000Z_121.99.107.216.s2c_ndttrace,0,0,b-->a,2611,2,2,0,0,0,0,0,1,1
gs://m-lab/ndt/2017/01/01/20170101T000000Z-mlab1-akl01-ndt-0004.tgz,20170101T09:32:18.892905000Z_163.47.106.7.s2c_ndttrace,0,0,a-->b,970,2,2,0,0,0,0,0,1,1
gs://m-lab/ndt/2017/01/01/20170101T000000Z-mlab1-akl01-ndt-0004.tgz,20170101T09:32:18.892905000Z_163.47.106.7.s2c_ndttrace,0,0,b-->a,1486,4,6,2,2,2,1459,1,3,3
gs://m-lab/ndt/2017/01/01/20170101T000000Z-mlab1-akl01-ndt-0004.tgz,20170101T09:32:40.587552000Z_121.99.107.216.s2c_ndttrace,0,0,a-->b,75,2,2,0,0,0,50,0,1,1
gs://m-lab/ndt/2017/01/01/20170101T000000Z-mlab1-akl01-ndt-0004.tgz,20170101T09:32:40.587552000Z_121.99.107.216.s2c_ndttrace,0,0,b-->a,24,2,2,0,0,0,0,0,1,1
gs://m-lab/ndt/2017/01/01/20170101T000000Z-mlab1-akl01-ndt-0004.tgz,20170101T09:32:42.174853000Z_47.72.78.196.s2c_ndttrace,0,0,a-->b,2415,22,32,20,20,20,2405,1,5,5
gs://m-lab/ndt/2017/01/01/20170101T000000Z-mlab1-akl01-ndt-0004.tgz,20170101T09:32:42.174853000Z_47.72.78.196.s2c_ndttrace,0,0,b-->a,1461,2,2,0,0,0,0,0,1,1
gs://m-lab/ndt/2017/01/01/20170101T000000Z-mlab1-akl01-ndt-0004.tgz,20170101T09:33:20.487068000Z_45.56.98.222.s2c_ndttrace,0,0,a-->b,61,31,27,30,30,30,51,1,5,5
gs://m-lab/ndt/2017/01/01/20170101T000000Z-mlab1-akl01-ndt-0004.tgz,20170101T09:33:20.487068000Z_45.56.98.222.s2c_ndttrace,0,0,b-->a,26,2,2,0,0,0,0,0,1,1
gs://m-lab/ndt/2017/01/01/20170101T000000Z-mlab1-akl01-ndt-0004.tgz,20170101T09:33:21.681505000Z_163.47.106.7.s2c_ndttrace,0,0,a-->b,3335,66,72,64,64,64,3297,1,3,3
gs://m-lab/ndt/2017/01/01/20170101T000000Z-mlab1-akl01-ndt-0004.tgz,20170101T09:33:21.681505000Z_163.47.106.7.s2c_ndttrace,0,0,b-->a,1839,2,2,0,0,0,0,0,1,1
gs://m-lab/ndt/2017/01/01/20170101T000000Z-mlab1-akl01-ndt-0004.tgz,20170101T09:33:45.750703000Z_121.99.107.216.s2c_ndttrace,0,0,a-->b,10561,27,40,25,25,25,10519,1,2,2
gs://m-lab/ndt/2017/01/01/20170101T000000Z-mlab1-akl01-ndt-0004.tgz,20170101T09:33:45.750703000Z_121.99.107.216.s2c_ndttrace,0,0,b-->a,5283,2,2,0,0,0,0,0,1,1
gs://m-lab/ndt/2017/01/01/20170101T000000Z-mlab1-akl01-ndt-0004.tgz,20170101T09:34:41.950640000Z_101.184.229.6.s2c_ndttrace,0,0,a-->b,20,2,2,0,0,0,0,0,1,1
gs://m-lab/ndt/2017/01/01/20170101T000000Z-mlab1-akl01-ndt-0004.tgz,2
gs://m-lab/ndt/2017/01/01/20170101T000000Z-mlab1-akl01-ndt-0004.tgz,20170101T09:34:41.950640000Z_101.184.229.6.s2c_ndttrace,0,0,b-->a,31,9,14,7,7,7,28,0,1,1
gs://m-lab/ndt/2017/01/01/20170101T000000Z-mlab1-akl01-ndt-0004.tgz,20170101T09:34:52.572750000Z_101.98.123.71.s2c_ndttrace,0,0,a-->b,78584,47,16,45,45,45,78419,1,2,2
gs://m-lab/ndt/2017/01/01/20170101T000000Z-mlab1-akl01-ndt-0004.tgz,20170101T09:34:52.572750000Z_101.98.123.71.s2c_ndttrace,0,0,b-->a,5556,2,2,0,0,0,0,0,1,1
gs://m-lab/ndt/2017/01/01/20170101T000000Z-mlab1-akl01-ndt-0004.tgz,20170101T09:35:14.725185000Z_121.99.107.216.s2c_ndttrace,0,0,a-->b,14314,26,28,24,24,24,14276,1,2,2
gs://m-lab/ndt/2017/01/01/20170101T000000Z-mlab1-akl01-ndt-0004.tgz,20170101T09:35:14.725185000Z_121.99.107.216.s2c_ndttrace,0,0,b-->a,6862,2,2,0,0,0,0,0,1,1
gs://m-lab/ndt/2017/01/01/20170101T000000Z-mlab1-akl01-ndt-0004.tgz,20170101T09:36:09.354415000Z_163.47.106.7.s2c_ndttrace,0,0,a-->b,2489,50,32,48,48,48,2440,1,3,3
gs://m-lab/ndt/2017/01/01/20170101T000000Z-mlab1-akl01-ndt-0004.tgz,20170101T09:36:09.354415000Z_163.47.106.7.s2c_ndttrace,0,0,b-->a,1499,2,2,0,0,0,0,0,1,1
gs://m-lab/ndt/2017/01/01/20170101T000000Z-mlab1-akl01-ndt-0004.tgz,20170101T09:36:15.63764000Z_101.184.229.6.s2c_ndttrace,0,0,a-->b,23,2,2,0,0,0,0,0,1,1
gs://m-lab/ndt/2017/01/01/20170101T000000Z-mlab1-akl01-ndt-0004.tgz,2
gs://m-lab/ndt/2017/01/01/20170101T000000Z-mlab1-akl01-ndt-0004.tgz,20170101T09:36:15.63764000Z_101.184.229.6.s2c_ndttrace,0,0,b-->a,33,12,18,11,11,10,33,1,1,1
gs://m-lab/ndt/2017/01/01/20170101T000000Z-mlab1-akl01-ndt-0004.tgz,20170101T09:36:15.63764000Z_101.184.229.6.s2c_ndttrace,0,1,a-->b,4,2,2,0,0,0,1,0,1,1
gs://m-lab/ndt/2017/01/01/20170101T000000Z-mlab1-akl01-ndt-0004.tgz,20170101T09:36:15.63764000Z_101.184.229.6.s2c_ndttrace,0,1,b-->a,7,2,2,0,0,0,3,0,1,1
gs://m-lab/ndt/2017/01/01/20170101T000000Z-mlab1-akl01-ndt-0004.tgz,20170101T09:37:38.667318000Z_118.148.112.13.s2c_ndttrace,0,0,a-->b,8690,24,40,22,22,22,8665,1,3,3
gs://m-lab/ndt/2017/01/01/20170101T000000Z-mlab1-akl01-ndt-0004.tgz,20170101T09:37:38.667318000Z_118.148.112.13.s2c_ndttrace,0,0,b-->a,4516,2,2,0,0,0,0,0,1,1
gs://m-lab/ndt/2017/01/01/20170101T000000Z-mlab1-akl01-ndt-0004.tgz,20170101T09:37:52.42489000Z_121.99.107.216.s2c_ndttrace,0,0,a-->b,13772,14,20,12,12,12,13735,1,2,2
gs://m-lab/ndt/2017/01/01/20170101T000000Z-mlab1-akl01-ndt-0004.tgz,20170101T09:37:52.42489000Z_121.99.107.216.s2c_ndttrace,0,0,b-->a,5422,2,2,0,0,0,0,0,1,1
gs://m-lab/ndt/2017/01/01/20170101T000000Z-mlab1-akl01-ndt-0004.tgz,
gs://m-lab/ndt/2017/01/01/20170101T000000Z-mlab1-akl01-ndt-0004.tgz,2
gs://m-lab/ndt/2017/01/01/20170101T000000Z-mlab1-akl01-ndt-0004.tgz,20170101T09:39:33.392892000Z_202.62.127.227.s2c_ndttrace,0,0,a-->b,371,13,20,11,11,11,364,1,1,1
gs://m-lab/ndt/2017/01/01/20170101T000000Z-mlab1-akl01-ndt-0004.tgz,20170101T09:39:33.392892000Z_202.62.127.227.s2c_ndttrace,0,0,b-->a,280,2,2,0,0,0,0,0,1,1
gs://m-lab/ndt/2017/01/01/20170101T000000Z-mlab1-akl01-ndt-0004.tgz,20170101T09:39:36.435787000Z_210.246.20.53.s2c_ndttrace,0,0,a-->b,20329,97,144,95,95,95,20307,0,3,3
gs://m-lab/ndt/2017/01/01/20170101T000000Z-mlab1-akl01-ndt-0004.tgz,20170101T09:39:36.435787000Z_210.246.20.53.s2c_ndttrace,0,0,b-->a,9012,2,2,0,0,0,0,0,1,1
gs://m-lab/ndt/2017/01/01/20170101T000000Z-mlab1-akl01-ndt-0004.tgz,20170101T09:39:43.88163000Z_121.99.107.216.s2c_ndttrace,0,0,a-->b,13674,45,38,43,43,43,13625,1,3,3
gs://m-lab/ndt/2017/01/01/20170101T000000Z-mlab1-akl01-ndt-0004.tgz,20170101T09:39:43.88163000Z_121.99.107.216.s2c_ndttrace,0,0,b-->a,5265,2,2,0,0,0,0,0,1,1
gs://m-lab/ndt/2017/01/01/20170101T000000Z-mlab1-akl01-ndt-0004.tgz,20170101T09:41:03.452329000Z_115.188.174.187.s2c_ndttrace,0,0,a-->b,6516,208,6,206,206,206,6366,1,2,2
gs://m-lab/ndt/2017/01/01/20170101T000000Z-mlab1-akl01-ndt-0004.tgz,20170101T09:41:03.452329000Z_115.188.174.187.s2c_ndttrace,0,0,b-->a,3206,2,2,0,0,0,0,0,1,1
gs://m-lab/ndt/2017/01/01/20170101T000000Z-mlab1-akl01-ndt-0004.tgz,2
gs://m-lab/ndt/2017/01/01/20170101T000000Z-mlab1-akl01-ndt-0004.tgz,20170101T09:41:06.4538000Z_101.53.213.10.s2c_ndttrace,0,0,a-->b,34,11,15,10,10,10,32,1,1,1
gs://m-lab/ndt/2017/01/01/20170101T000000Z-mlab1-akl01-ndt-0004.tgz,20170101T09:41:06.4538000Z_101.53.213.10.s2c_ndttrace,0,0,b-->a,23,3,3,1,1,1,1,0,1,1
gs://m-lab/ndt/2017/01/01/20170101T000000Z-mlab1-akl01-ndt-0004.tgz,20170101T09:41:06.4538000Z_101.53.213.10.s2c_ndttrace,0,1,a-->b,10,3,3,2,2,2,7,0,1,1
gs://m-lab/ndt/2017/01/01/20170101T000000Z-mlab1-akl01-ndt-0004.tgz,20170101T09:41:06.4538000Z_101.53.213.10.s2c_ndttrace,0,1,b-->a,3,2,2,0,0,0,0,0,1,1
gs://m-lab/ndt/2017/01/01/20170101T000000Z-mlab1-akl01-ndt-0004.tgz,20170101T09:41:37.208987000Z_118.82.173.211.s2c_ndttrace,0,0,a-->b,5346,59,36,57,57,57,5313,1,4,4
gs://m-lab/ndt/2017/01/01/20170101T000000Z-mlab1-akl01-ndt-0004.tgz,20170101T09:41:37.208987000Z_118.82.173.211.s2c_ndttrace,0,0,b-->a,2788,2,2,0,0,0,0,0,1,1
gs://m-lab/ndt/2017/01/01/20170101T000000Z-mlab1-akl01-ndt-0004.tgz,20170101T09:41:53.844142000Z_122.57.36.156.s2c_ndttrace,0,0,a-->b,37514,34,4,32,32,32,37405,1,1,1
gs://m-lab/ndt/2017/01/01/20170101T000000Z-mlab1-akl01-ndt-0004.tgz,20170101T09:41:53.844142000Z_122.57.36.156.s2c_ndttrace,0,0,b-->a,5781,2,2,0,0,0,0,0,1,1
gs://m-lab/ndt/2017/01/01/20170101T000000Z-mlab1-akl01-ndt-0004.tgz,20170101T09:42:37.717345000Z_118.82.173.211.s2c_ndttrace,0,0,a-->b,1917,21,24,19,19,19,1907,0,3,3
gs://m-lab/ndt/2017/01/01/20170101T000000Z-mlab1-akl01-ndt-0004.tgz,20170101T09:42:37.717345000Z_118.82.173.211.s2c_ndttrace,0,0,b-->a,1018,2,2,0,0,0,0,0,1,1
gs://m-lab/ndt/2017/01/01/20170101T000000Z-mlab1-akl01-ndt-0004.tgz,20170101T09:42:44.110132000Z_122.57.36.156.s2c_ndttrace,0,0,a-->b,41006,2,2,0,0,0,40869,0,1,1
gs://m-lab/ndt/2017/01/01/20170101T000000Z-mlab1-akl01-ndt-0004.tgz,20170101T09:42:44.110132000Z_122.57.36.156.s2c_ndttrace,0,0,b-->a,5950,2,2,0,0,0,0,0,1,1
gs://m-lab/ndt/2017/01/01/20170101T000000Z-mlab1-akl01-ndt-0004.tgz,20170101T09:43:20.483872000Z_45.56.98.222.s2c_ndttrace,0,0,a-->b,20,2,2,0,0,0,0,0,1,1
gs://m-lab/ndt/2017/01/01/20170101T000000Z-mlab1-akl01-ndt-0004.tgz,20170101T09:43:20.483872000Z_45.56.98.222.s2c_ndttrace,0,0,b-->a,39,20,22,18,18,18,38,0,4,4
gs://m-lab/ndt/2017/01/01/20170101T000000Z-mlab1-akl01-ndt-0004.tgz,20170101T09:43:22.531947000Z_121.99.107.216.s2c_ndttrace,0,0,a-->b,2811,56,56,54,54,54,2807,1,5,5
gs://m-lab/ndt/2017/01/01/20170101T000000Z-mlab1-akl01-ndt-0004.tgz,20170101T09:43:22.531947000Z_121.99.107.216.s2c_ndttrace,0,0,b-->a,1253,2,2,0,0,0,0,0,1,1
gs://m-lab/ndt/2017/01/01/20170101T000000Z-mlab1-akl01-ndt-0004.tgz,20170101T09:43:48.959880000Z_121.99.107.216.s2c_ndttrace,0,0,a-->b,2719,77,28,75,75,75,2719,1,5,5
gs://m-lab/ndt/2017/01/01/20170101T000000Z-mlab1-akl01-ndt-0004.tgz,20170101T09:43:48.959880000Z_121.99.107.216.s2c_ndttrace,0,0,b-->a,1204,2,2,0,0,0,1,0,1,1
gs://m-lab/ndt/2017/01/01/20170101T000000Z-mlab1-akl01-ndt-0004.tgz,2
gs://m-lab/ndt/2017/01/01/20170101T000000Z-mlab1-akl01-ndt-0004.tgz,20170101T09:43:48.959880000Z_121.99.107.216.s2c_ndttrace,0,1,a-->b,1252,13,14,11,11,11,1230,1,1,1
gs://m-lab/ndt/2017/01/01/20170101T000000Z-mlab1-akl01-ndt-0004.tgz,20170101T09:43:48.959880000Z_121.99.107.216.s2c_ndttrace,0,1,b-->a,486,2,2,0,0,0,0,0,1,1
gs://m-lab/ndt/2017/01/01/20170101T000000Z-mlab1-akl01-ndt-0004.tgz,20170101T09:44:05.677744000Z_157.119.61.27.s2c_ndttrace,0,0,a-->b,10667,54,52,52,52,52,10627,1,3,3
gs://m-lab/ndt/2017/01/01/20170101T000000Z-mlab1-akl01-ndt-0004.tgz,20170101T09:44:05.677744000Z_157.119.61.27.s2c_ndttrace,0,0,b-->a,5434,2,2,0,0,0,0,0,1,1
gs://m-lab/ndt/2017/01/01/20170101T000000Z-mlab1-akl01-ndt-0004.tgz,20170101T09:44:07.718326000Z_122.56.100.67.s2c_ndttrace,0,0,a-->b,249,3,5,2,2,2,230,1,1,1
gs://m-lab/ndt/2017/01/01/20170101T000000Z-mlab1-akl01-ndt-0004.tgz,20170101T09:44:07.718326000Z_122.56.100.67.s2c_ndttrace,0,0,b-->a,228,2,2,0,0,0,0,0,1,1
gs://m-lab/ndt/2017/01/01/20170101T000000Z-mlab1-akl01-ndt-0004.tgz,20170101T09:44:23.755312000Z_219.88.238.48.s2c_ndttrace,0,0,a-->b,29523,33,8,31,31,31,29523,1,2,2
gs://m-lab/ndt/2017/01/01/20170101T000000Z-mlab1-akl01-ndt-0004.tgz,20170101T09:44:23.755312000Z_219.88.238.48.s2c_ndttrace,0,0,b-->a,13966,2,2,0,0,0,1,0,1,1
gs://m-lab/ndt/2017/01/01/20170101T000000Z-mlab1-akl01-ndt-0004.tgz,20170101T09:44:23.755312000Z_219.88.238.48.s2c_ndttrace,0,1,a-->b,2450,6,4,4,4,4,2380,1,1,1
gs://m-lab/ndt/2017/01/01/20170101T000000Z-mlab1-akl01-ndt-0004.tgz,20170101T09:44:23.755312000Z_219.88.238.48.s2c_ndttrace,0,1,b-->a,1190,2,2,0,0,0,0,0,1,1
gs://m-lab/ndt/2017/01/01/20170101T000000Z-mlab1-akl01-ndt-0004.tgz,20170101T09:44:34.109978000Z_121.99.107.216.s2c_ndttrace,0,0,a-->b,14204,23,24,21,21,21,14157,1,2,2
gs://m-lab/ndt/2017/01/01/20170101T000000Z-mlab1-akl01-ndt-0004.tgz,20170101T09:44:34.109978000Z_121.99.107.216.s2c_ndttrace,0,0,b-->a,7154,2,2,0,0,0,0,0,1,1
gs://m-lab/ndt/2017/01/01/20170101T000000Z-mlab1-akl01-ndt-0004.tgz,20170101T09:44:55.431199000Z_101.100.131.140.s2c_ndttrace,0,0,a-->b,47226,84,10,82,82,82,47149,1,3,3
gs://m-lab/ndt/2017/01/01/20170101T000000Z-mlab1-akl01-ndt-0004.tgz,20170101T09:44:55.431199000Z_101.100.131.140.s2c_ndttrace,0,0,b-->a,6707,2,2,0,0,0,0,0,1,1
gs://m-lab/ndt/2017/01/01/20170101T000000Z-mlab1-akl01-ndt-0004.tgz,20170101T09:45:34.891050000Z_118.82.173.211.s2c_ndttrace,0,0,a-->b,4064,9,16,7,7,7,4014,0,3,3
gs://m-lab/ndt/2017/01/01/20170101T000000Z-mlab1-akl01-ndt-0004.tgz,20170101T09:45:34.891050000Z_118.82.173.211.s2c_ndttrace,0,0,b-->a,2058,2,2,0,0,0,0,0,1,1
gs://m-lab/ndt/2017/01/01/20170101T000000Z-mlab1-akl01-ndt-0004.tgz,20170101T09:45:39.467797000Z_101.100.131.140.s2c_ndttrace,0,0,a-->b,65280,90,8,88,88,88,65152,1,2,2
gs://m-lab/ndt/2017/01/01/20170101T000000Z-mlab1-akl01-ndt-0004.tgz,20170101T09:45:39.467797000Z_101.100.131.140.s2c_ndttrace,0,0,b-->a,8923,2,2,0,0,0,0,0,1,1
gs://m-lab/ndt/2017/01/01/20170101T000000Z-mlab1-akl01-ndt-0004.tgz,20170101T09:46:32.600545000Z_118.82.173.211.s2c_ndttrace,0,0,a-->b,6644,4,6,2,2,2,6586,1,2,2
gs://m-lab/ndt/2017/01/01/20170101T000000Z-mlab1-akl01-ndt-0004.tgz,20170101T09:46:32.600545000Z_118.82.173.211.s2c_ndttrace,0,0,b-->a,3327,2,2,0,0,0,0,0,1,1
gs://m-lab/ndt/2017/01/01/20170101T000000Z-mlab1-akl01-ndt-0004.tgz,20170101T09:46:49.114055000Z_121.99.107.216.s2c_ndttrace,0,0,a-->b,14024,47,36,45,45,45,13984,1,5,5
gs://m-lab/ndt/2017/01/01/20170101T000000Z-mlab1-akl01-ndt-0004.tgz,20170101T09:46:49.114055000Z_121.99.107.216.s2c_ndttrace,0,0,b-->a,7116,2,2,0,0,0,0,0,1,1
gs://m-lab/ndt/2017/01/01/20170101T000000Z-mlab1-akl01-ndt-0004.tgz,20170101T09:47:28.352113000Z_121.99.107.216.s2c_ndttrace,0,0,a-->b,1559,2,2,0,0,0,1558,0,1,1
gs://m-lab/ndt/2017/01/01/20170101T000000Z-mlab1-akl01-ndt-0004.tgz,20170101T09:47:28.352113000Z_121.99.107.216.s2c_ndttrace,0,0,b-->a,770,3,3,1,1,1,1,0,1,1
gs://m-lab/ndt/2017/01/01/20170101T000000Z-mlab1-akl01-ndt-0004.tgz,20170101T09:47:28.352113000Z_121.99.107.216.s2c_ndttrace,0,1,a-->b,10,2,2,0,0,0,9,0,1,1
gs://m-lab/ndt/2017/01/01/20170101T000000Z-mlab1-akl01-ndt-0004.tgz,20170101T09:47:28.352113000Z_121.99.107.216.s2c_ndttrace,0,1,b-->a,6,3,3,1,1,1,1,0,1,1
gs://m-lab/ndt/2017/01/01/20170101T000000Z-mlab1-akl01-ndt-0004.tgz,20170101T09:47:28.352113000Z_121.99.107.216.s2c_ndttrace,0,2,a-->b,38,2,2,0,0,0,37,0,1,1
gs://m-lab/ndt/2017/01/01/20170101T000000Z-mlab1-akl01-ndt-0004.tgz,20170101T09:47:28.352113000Z_121.99.107.216.s2c_ndttrace,0,2,b-->a,20,2,2,0,0,0,0,0,1,1
gs://m-lab/ndt/2017/01/01/20170101T000000Z-mlab1-akl01-ndt-0004.tgz,20170101T09:47:28.352113000Z_121.99.107.216.s2c_ndttrace,0,3,a-->b,125,2,2,0,0,0,79,0,1,1
gs://m-lab/ndt/2017/01/01/20170101T000000Z-mlab1-akl01-ndt-0004.tgz,20170101T09:47:28.352113000Z_121.99.107.216.s2c_ndttrace,0,3,b-->a,64,2,2,0,0,0,0,0,1,1
gs://m-lab/ndt/2017/01/01/20170101T000000Z-mlab1-akl01-ndt-0004.tgz,20170101T09:47:37.186612000Z_119.224.95.222.s2c_ndttrace,0,0,a-->b,7293,37,40,35,35,35,7222,1,6,6
gs://m-lab/ndt/2017/01/01/20170101T000000Z-mlab1-akl01-ndt-0004.tgz,20170101T09:47:37.186612000Z_119.224.95.222.s2c_ndttrace,0,0,b-->a,3674,2,2,0,0,0,0,0,1,1
gs://m-lab/ndt/2017/01/01/20170101T000000Z-mlab1-akl01-ndt-0004.tgz,20170101T09:48:09.666063000Z_49.50.206.242.s2c_ndttrace,0,0,a-->b,10530,75,78,73,73,73,10521,1,3,3
gs://m-lab/ndt/2017/01/01/20170101T000000Z-mlab1-akl01-ndt-0004.tgz,20170101T09:48:09.666063000Z_49.50.206.242.s2c_ndttrace,0,0,b-->a,2543,2,2,0,0,0,0,0,1,1
gs://m-lab/ndt/2017/01/01/20170101T000000Z-mlab1-akl01-ndt-0004.tgz,20170101T09:48:29.860048000Z_121.99.107.216.s2c_ndttrace,0,0,a-->b,12308,37,20,35,35,35,12256,1,2,2
gs://m-lab/ndt/2017/01/01/20170101T000000Z-mlab1-akl01-ndt-0004.tgz,20170101T09:48:29.860048000Z_121.99.107.216.s2c_ndttrace,0,0,b-->a,6174,2,2,0,0,0,0,0,1,1
gs://m-lab/ndt/2017/01/01/20170101T000000Z-mlab1-akl01-ndt-0004.tgz,20170101T09:49:09.852878000Z_121.99.107.216.s2c_ndttrace,0,0,a-->b,7109,60,38,58,58,58,7098,1,3,3
gs://m-lab/ndt/2017/01/01/20170101T000000Z-mlab1-akl01-ndt-0004.tgz,20170101T09:49:09.852878000Z_121.99.107.216.s2c_ndttrace,0,0,b-->a,3653,2,2,0,0,0,0,0,1,1
gs://m-lab/ndt/2017/01/01/20170101T000000Z-mlab1-akl01-ndt-0004.tgz,20170101T09:49:34.834008000Z_121.99.107.216.s2c_ndttrace,0,0,a-->b,12739,40,32,38,38,38,12699,1,3,3
gs://m-lab/ndt/2017/01/01/20170101T000000Z-mlab1-akl01-ndt-0004.tgz,20170101T09:49:34.834008000Z_121.99.107.216.s2c_ndttrace,0,0,b-->a,6289,2,2,0,0,0,0,0,1,1
gs://m-lab/ndt/2017/01/01/20170101T000000Z-mlab1-akl01-ndt-0004.tgz,20170101T09:50:50.321388000Z_121.99.189.212.s2c_ndttrace,0,0,a-->b,85940,288,108,286,286,286,85801,1,2,2
gs://m-lab/ndt/2017/01/01/20170101T000000Z-mlab1-akl01-ndt-0004.tgz,20170101T09:50:50.321388000Z_121.99.189.212.s2c_ndttrace,0,0,b-->a,14665,2,2,0,0,0,0,0,1,1
